--- Startup times for process: Primary (or UI client) ---

times in msec
 clock   self+sourced   self:  sourced script
 clock   elapsed:              other lines

000.002  000.002: --- NVIM STARTING ---
000.125  000.123: event init
000.219  000.094: early init
000.263  000.044: locale set
000.310  000.047: init first window
000.652  000.342: inits 1
000.662  000.009: window checked
000.664  000.003: parsing arguments
001.070  000.033  000.033: require('vim.shared')
001.147  000.032  000.032: require('vim.inspect')
001.201  000.047  000.047: require('vim._options')
001.205  000.132  000.053: require('vim._editor')
001.206  000.189  000.024: require('vim._init_packages')
001.208  000.355: init lua interpreter
003.128  001.920: nvim_ui_attach
003.363  000.235: nvim_set_client_info
003.365  000.001: --- NVIM STARTED ---

--- Startup times for process: Embedded ---

times in msec
 clock   self+sourced   self:  sourced script
 clock   elapsed:              other lines

000.002  000.002: --- NVIM STARTING ---
000.105  000.103: event init
000.176  000.071: early init
000.211  000.035: locale set
000.251  000.041: init first window
000.519  000.268: inits 1
000.527  000.009: window checked
000.529  000.001: parsing arguments
000.903  000.033  000.033: require('vim.shared')
000.979  000.030  000.030: require('vim.inspect')
001.022  000.034  000.034: require('vim._options')
001.033  000.128  000.064: require('vim._editor')
001.034  000.181  000.020: require('vim._init_packages')
001.036  000.326: init lua interpreter
001.084  000.048: expanding arguments
001.103  000.019: inits 2
001.307  000.204: init highlight
001.308  000.001: waiting for UI
001.406  000.098: done waiting for UI
001.409  000.003: clear screen
001.514  000.018  000.018: require('vim.keymap')
002.110  000.116  000.116: sourcing nvim_exec2()
002.205  000.794  000.660: require('vim._defaults')
002.207  000.003: init default mappings & autocommands
002.603  000.039  000.039: sourcing /home/douglas/.local/share/bob/v0.11.5/share/nvim/runtime/ftplugin.vim
002.662  000.017  000.017: sourcing /home/douglas/.local/share/bob/v0.11.5/share/nvim/runtime/indent.vim
004.161  000.020  000.020: require('vim.fs')
004.179  000.175  000.156: require('vim.lsp.log')
004.774  000.593  000.593: require('vim.lsp.protocol')
005.862  001.085  001.085: require('vim.lsp.util')
006.282  000.178  000.178: require('vim.lsp.sync')
006.286  000.422  000.245: require('vim.lsp._changetracking')
006.614  000.092  000.092: require('vim.lsp._transport')
006.638  000.350  000.259: require('vim.lsp.rpc')
006.660  003.617  000.991: require('vim.lsp')
006.763  000.088  000.088: require('lazy')
006.785  000.012  000.012: require('ffi')
006.868  000.066  000.066: require('vim.uri')
006.878  000.090  000.024: require('vim.loader')
006.960  000.070  000.070: require('lazy.stats')
007.037  000.061  000.061: require('lazy.core.util')
007.115  000.077  000.077: require('lazy.core.config')
007.234  000.052  000.052: require('lazy.core.handler')
007.395  000.049  000.049: require('lazy.pkg')
007.398  000.106  000.057: require('lazy.core.meta')
007.403  000.167  000.061: require('lazy.core.plugin')
007.409  000.292  000.074: require('lazy.core.loader')
007.575  000.045  000.045: require('lazy.core.fragments')
008.145  000.131  000.131: require('lazy.core.handler.keys')
008.233  000.084  000.084: require('lazy.core.handler.cmd')
008.373  000.136  000.136: require('lazy.core.handler.event')
008.427  000.049  000.049: require('lazy.core.handler.ft')
008.490  000.003  000.003: sourcing nvim_exec2() called at /home/douglas/.config/nvim/init.lua:0
008.500  000.001  000.001: sourcing nvim_exec2() called at /home/douglas/.config/nvim/init.lua:0
008.511  000.001  000.001: sourcing nvim_exec2() called at /home/douglas/.config/nvim/init.lua:0
008.521  000.001  000.001: sourcing nvim_exec2() called at /home/douglas/.config/nvim/init.lua:0
008.532  000.001  000.001: sourcing nvim_exec2() called at /home/douglas/.config/nvim/init.lua:0
008.539  000.001  000.001: sourcing nvim_exec2() called at /home/douglas/.config/nvim/init.lua:0
008.857  000.109  000.109: sourcing nvim_exec2() called at /home/douglas/.local/share/bob/v0.11.5/share/nvim/runtime/filetype.lua:0
008.860  000.170  000.061: sourcing /home/douglas/.local/share/bob/v0.11.5/share/nvim/runtime/filetype.lua
008.863  000.201  000.031: sourcing nvim_exec2() called at /home/douglas/.config/nvim/init.lua:0
008.946  000.002  000.002: sourcing nvim_exec2() called at /home/douglas/.config/nvim/init.lua:0
008.953  000.001  000.001: sourcing nvim_exec2() called at /home/douglas/.config/nvim/init.lua:0
009.245  000.017  000.017: sourcing /home/douglas/.local/share/nvim/lazy/plenary.nvim/plugin/plenary.vim
009.248  000.043  000.025: sourcing nvim_exec2() called at /home/douglas/.config/nvim/init.lua:0
009.252  000.001  000.001: sourcing nvim_exec2() called at /home/douglas/.config/nvim/init.lua:0
009.259  000.001  000.001: sourcing nvim_exec2() called at /home/douglas/.config/nvim/init.lua:0
009.450  000.002  000.002: sourcing nvim_exec2() called at /home/douglas/.config/nvim/init.lua:0
009.457  000.001  000.001: sourcing nvim_exec2() called at /home/douglas/.config/nvim/init.lua:0
009.635  000.020  000.020: sourcing /home/douglas/.local/share/nvim/lazy/nvim-web-devicons/plugin/nvim-web-devicons.vim
009.639  000.045  000.025: sourcing nvim_exec2() called at /home/douglas/.config/nvim/init.lua:0
009.643  000.001  000.001: sourcing nvim_exec2() called at /home/douglas/.config/nvim/init.lua:0
009.650  000.001  000.001: sourcing nvim_exec2() called at /home/douglas/.config/nvim/init.lua:0
009.775  000.084  000.084: sourcing /home/douglas/.local/share/nvim/lazy/neo-tree.nvim/plugin/neo-tree.lua
009.778  000.108  000.024: sourcing nvim_exec2() called at /home/douglas/.config/nvim/init.lua:0
009.783  000.002  000.002: sourcing nvim_exec2() called at /home/douglas/.config/nvim/init.lua:0
009.790  000.001  000.001: sourcing nvim_exec2() called at /home/douglas/.config/nvim/init.lua:0
010.295  000.501  000.501: require('neo-tree')
010.444  000.146  000.146: require('neo-tree.log')
010.803  000.267  000.267: sourcing /home/douglas/.local/share/nvim/lazy/telescope.nvim/plugin/telescope.lua
010.807  000.294  000.027: sourcing nvim_exec2() called at /home/douglas/.config/nvim/init.lua:0
010.813  000.002  000.002: sourcing nvim_exec2() called at /home/douglas/.config/nvim/init.lua:0
010.826  000.001  000.001: sourcing nvim_exec2() called at /home/douglas/.config/nvim/init.lua:0
010.996  000.002  000.002: sourcing nvim_exec2() called at /home/douglas/.config/nvim/init.lua:0
011.006  000.001  000.001: sourcing nvim_exec2() called at /home/douglas/.config/nvim/init.lua:0
011.606  000.064  000.064: require('lualine_require')
011.810  000.793  000.729: require('lualine')
012.101  000.008  000.008: sourcing nvim_exec2() called at /home/douglas/.config/nvim/init.lua:0
012.427  000.050  000.050: require('lualine.highlight')
012.811  000.005  000.005: sourcing nvim_exec2() called at /home/douglas/.config/nvim/init.lua:0
012.829  000.009  000.009: sourcing nvim_exec2() called at /home/douglas/.config/nvim/init.lua:0
012.836  000.002  000.002: sourcing nvim_exec2() called at /home/douglas/.config/nvim/init.lua:0
012.842  000.002  000.002: sourcing nvim_exec2() called at /home/douglas/.config/nvim/init.lua:0
012.848  000.002  000.002: sourcing nvim_exec2() called at /home/douglas/.config/nvim/init.lua:0
012.854  000.002  000.002: sourcing nvim_exec2() called at /home/douglas/.config/nvim/init.lua:0
012.892  000.034  000.034: sourcing nvim_exec2() called at /home/douglas/.config/nvim/init.lua:0
012.899  000.002  000.002: sourcing nvim_exec2() called at /home/douglas/.config/nvim/init.lua:0
012.904  000.002  000.002: sourcing nvim_exec2() called at /home/douglas/.config/nvim/init.lua:0
012.920  000.002  000.002: sourcing nvim_exec2() called at /home/douglas/.config/nvim/init.lua:0
012.925  000.002  000.002: sourcing nvim_exec2() called at /home/douglas/.config/nvim/init.lua:0
012.930  000.001  000.001: sourcing nvim_exec2() called at /home/douglas/.config/nvim/init.lua:0
012.935  000.001  000.001: sourcing nvim_exec2() called at /home/douglas/.config/nvim/init.lua:0
012.941  000.002  000.002: sourcing nvim_exec2() called at /home/douglas/.config/nvim/init.lua:0
012.946  000.001  000.001: sourcing nvim_exec2() called at /home/douglas/.config/nvim/init.lua:0
012.950  000.001  000.001: sourcing nvim_exec2() called at /home/douglas/.config/nvim/init.lua:0
012.972  000.002  000.002: sourcing nvim_exec2() called at /home/douglas/.config/nvim/init.lua:0
012.979  000.002  000.002: sourcing nvim_exec2() called at /home/douglas/.config/nvim/init.lua:0
012.983  000.001  000.001: sourcing nvim_exec2() called at /home/douglas/.config/nvim/init.lua:0
012.989  000.002  000.002: sourcing nvim_exec2() called at /home/douglas/.config/nvim/init.lua:0
012.993  000.001  000.001: sourcing nvim_exec2() called at /home/douglas/.config/nvim/init.lua:0
012.998  000.001  000.001: sourcing nvim_exec2() called at /home/douglas/.config/nvim/init.lua:0
013.036  000.014  000.014: sourcing nvim_exec2() called at /home/douglas/.config/nvim/init.lua:0
013.377  000.048  000.048: require('lualine.utils.mode')
013.621  000.055  000.055: sourcing nvim_exec2() called at /home/douglas/.config/nvim/init.lua:0
013.628  000.003  000.003: sourcing nvim_exec2() called at /home/douglas/.config/nvim/init.lua:0
013.826  000.005  000.005: sourcing nvim_exec2() called at /home/douglas/.config/nvim/init.lua:0
013.833  000.002  000.002: sourcing nvim_exec2() called at /home/douglas/.config/nvim/init.lua:0
013.838  000.001  000.001: sourcing nvim_exec2() called at /home/douglas/.config/nvim/init.lua:0
013.843  000.001  000.001: sourcing nvim_exec2() called at /home/douglas/.config/nvim/init.lua:0
013.848  000.001  000.001: sourcing nvim_exec2() called at /home/douglas/.config/nvim/init.lua:0
013.852  000.001  000.001: sourcing nvim_exec2() called at /home/douglas/.config/nvim/init.lua:0
013.857  000.001  000.001: sourcing nvim_exec2() called at /home/douglas/.config/nvim/init.lua:0
013.864  000.002  000.002: sourcing nvim_exec2() called at /home/douglas/.config/nvim/init.lua:0
013.869  000.002  000.002: sourcing nvim_exec2() called at /home/douglas/.config/nvim/init.lua:0
013.873  000.001  000.001: sourcing nvim_exec2() called at /home/douglas/.config/nvim/init.lua:0
013.878  000.001  000.001: sourcing nvim_exec2() called at /home/douglas/.config/nvim/init.lua:0
013.883  000.001  000.001: sourcing nvim_exec2() called at /home/douglas/.config/nvim/init.lua:0
013.888  000.001  000.001: sourcing nvim_exec2() called at /home/douglas/.config/nvim/init.lua:0
013.892  000.001  000.001: sourcing nvim_exec2() called at /home/douglas/.config/nvim/init.lua:0
013.899  000.002  000.002: sourcing nvim_exec2() called at /home/douglas/.config/nvim/init.lua:0
013.904  000.001  000.001: sourcing nvim_exec2() called at /home/douglas/.config/nvim/init.lua:0
013.908  000.001  000.001: sourcing nvim_exec2() called at /home/douglas/.config/nvim/init.lua:0
013.913  000.001  000.001: sourcing nvim_exec2() called at /home/douglas/.config/nvim/init.lua:0
013.917  000.001  000.001: sourcing nvim_exec2() called at /home/douglas/.config/nvim/init.lua:0
013.922  000.002  000.002: sourcing nvim_exec2() called at /home/douglas/.config/nvim/init.lua:0
013.927  000.001  000.001: sourcing nvim_exec2() called at /home/douglas/.config/nvim/init.lua:0
014.017  000.005  000.005: sourcing nvim_exec2() called at /home/douglas/.config/nvim/init.lua:0
014.023  000.002  000.002: sourcing nvim_exec2() called at /home/douglas/.config/nvim/init.lua:0
014.033  000.002  000.002: sourcing nvim_exec2() called at /home/douglas/.config/nvim/init.lua:0
014.038  000.003  000.003: sourcing nvim_exec2() called at /home/douglas/.config/nvim/init.lua:0
014.408  000.004  000.004: sourcing nvim_exec2() called at /home/douglas/.config/nvim/init.lua:0
014.415  000.002  000.002: sourcing nvim_exec2() called at /home/douglas/.config/nvim/init.lua:0
014.423  000.002  000.002: sourcing nvim_exec2() called at /home/douglas/.config/nvim/init.lua:0
014.428  000.002  000.002: sourcing nvim_exec2() called at /home/douglas/.config/nvim/init.lua:0
014.433  000.002  000.002: sourcing nvim_exec2() called at /home/douglas/.config/nvim/init.lua:0
014.463  000.002  000.002: sourcing nvim_exec2() called at /home/douglas/.config/nvim/init.lua:0
014.477  000.002  000.002: sourcing nvim_exec2() called at /home/douglas/.config/nvim/init.lua:0
014.487  000.002  000.002: sourcing nvim_exec2() called at /home/douglas/.config/nvim/init.lua:0
014.494  000.002  000.002: sourcing nvim_exec2() called at /home/douglas/.config/nvim/init.lua:0
014.498  000.001  000.001: sourcing nvim_exec2() called at /home/douglas/.config/nvim/init.lua:0
014.503  000.002  000.002: sourcing nvim_exec2() called at /home/douglas/.config/nvim/init.lua:0
014.509  000.001  000.001: sourcing nvim_exec2() called at /home/douglas/.config/nvim/init.lua:0
014.514  000.002  000.002: sourcing nvim_exec2() called at /home/douglas/.config/nvim/init.lua:0
014.521  000.002  000.002: sourcing nvim_exec2() called at /home/douglas/.config/nvim/init.lua:0
014.542  000.002  000.002: sourcing nvim_exec2() called at /home/douglas/.config/nvim/init.lua:0
014.549  000.002  000.002: sourcing nvim_exec2() called at /home/douglas/.config/nvim/init.lua:0
014.554  000.001  000.001: sourcing nvim_exec2() called at /home/douglas/.config/nvim/init.lua:0
014.558  000.001  000.001: sourcing nvim_exec2() called at /home/douglas/.config/nvim/init.lua:0
014.564  000.001  000.001: sourcing nvim_exec2() called at /home/douglas/.config/nvim/init.lua:0
014.569  000.001  000.001: sourcing nvim_exec2() called at /home/douglas/.config/nvim/init.lua:0
014.573  000.001  000.001: sourcing nvim_exec2() called at /home/douglas/.config/nvim/init.lua:0
014.582  000.002  000.002: sourcing nvim_exec2() called at /home/douglas/.config/nvim/init.lua:0
014.589  000.001  000.001: sourcing nvim_exec2() called at /home/douglas/.config/nvim/init.lua:0
014.596  000.002  000.002: sourcing nvim_exec2() called at /home/douglas/.config/nvim/init.lua:0
014.600  000.001  000.001: sourcing nvim_exec2() called at /home/douglas/.config/nvim/init.lua:0
014.605  000.002  000.002: sourcing nvim_exec2() called at /home/douglas/.config/nvim/init.lua:0
014.611  000.002  000.002: sourcing nvim_exec2() called at /home/douglas/.config/nvim/init.lua:0
014.616  000.001  000.001: sourcing nvim_exec2() called at /home/douglas/.config/nvim/init.lua:0
015.301  000.008  000.008: sourcing nvim_exec2() called at /home/douglas/.config/nvim/init.lua:0
015.316  000.003  000.003: sourcing nvim_exec2() called at /home/douglas/.config/nvim/init.lua:0
015.329  000.010  000.010: sourcing nvim_exec2() called at /home/douglas/.config/nvim/init.lua:0
015.335  000.004  000.004: sourcing nvim_exec2() called at /home/douglas/.config/nvim/init.lua:0
015.340  000.003  000.003: sourcing nvim_exec2() called at /home/douglas/.config/nvim/init.lua:0
016.007  000.146  000.146: require('vim.treesitter.language')
016.109  000.099  000.099: require('vim.func')
016.160  000.046  000.046: require('vim.func._memoize')
016.181  000.399  000.108: require('vim.treesitter.query')
016.278  000.095  000.095: require('vim.treesitter._range')
016.296  000.633  000.139: require('vim.treesitter.languagetree')
016.301  000.836  000.202: require('vim.treesitter')
016.421  001.009  000.173: sourcing /home/douglas/.local/share/nvim/lazy/nvim-treesitter/plugin/filetypes.lua
016.425  001.036  000.027: sourcing nvim_exec2() called at /home/douglas/.config/nvim/init.lua:0
016.517  000.063  000.063: sourcing /home/douglas/.local/share/nvim/lazy/nvim-treesitter/plugin/nvim-treesitter.lua
016.521  000.090  000.027: sourcing nvim_exec2() called at /home/douglas/.config/nvim/init.lua:0
016.595  000.048  000.048: sourcing /home/douglas/.local/share/nvim/lazy/nvim-treesitter/plugin/query_predicates.lua
016.598  000.073  000.025: sourcing nvim_exec2() called at /home/douglas/.config/nvim/init.lua:0
016.602  000.002  000.002: sourcing nvim_exec2() called at /home/douglas/.config/nvim/init.lua:0
016.611  000.001  000.001: sourcing nvim_exec2() called at /home/douglas/.config/nvim/init.lua:0
016.931  000.002  000.002: sourcing nvim_exec2() called at /home/douglas/.config/nvim/init.lua:0
016.940  000.001  000.001: sourcing nvim_exec2() called at /home/douglas/.config/nvim/init.lua:0
017.324  000.053  000.053: require('mason-core.path')
017.508  000.042  000.042: require('mason-core.functional.data')
017.571  000.059  000.059: require('mason-core.functional.function')
017.648  000.072  000.072: require('mason-core.functional.list')
017.717  000.039  000.039: require('mason-core.functional.relation')
017.759  000.039  000.039: require('mason-core.functional.logic')
017.801  000.040  000.040: require('mason-core.functional.number')
017.859  000.051  000.051: require('mason-core.functional.string')
017.908  000.046  000.046: require('mason-core.functional.table')
017.948  000.037  000.037: require('mason-core.functional.type')
017.950  000.568  000.144: require('mason-core.functional')
017.996  000.670  000.102: require('mason-core.platform')
018.127  000.129  000.129: require('mason.settings')
018.131  000.910  000.058: require('mason-core.installer.InstallLocation')
018.320  000.086  000.086: require('mason-core.log')
018.323  000.135  000.049: require('mason-core.EventEmitter')
018.444  000.120  000.120: require('mason-registry.sources')
018.455  000.323  000.067: require('mason-registry')
018.457  001.421  000.188: require('mason')
018.895  000.216  000.216: require('mason.api.command')
019.475  000.357  000.357: require('lspconfig.util')
019.491  000.453  000.096: sourcing /home/douglas/.local/share/nvim/lazy/nvim-lspconfig/plugin/lspconfig.lua
019.494  000.500  000.047: sourcing nvim_exec2() called at /home/douglas/.config/nvim/init.lua:0
019.501  000.002  000.002: sourcing nvim_exec2() called at /home/douglas/.config/nvim/init.lua:0
019.509  000.001  000.001: sourcing nvim_exec2() called at /home/douglas/.config/nvim/init.lua:0
019.516  000.001  000.001: sourcing nvim_exec2() called at /home/douglas/.config/nvim/init.lua:0
019.526  000.001  000.001: sourcing nvim_exec2() called at /home/douglas/.config/nvim/init.lua:0
019.603  000.026  000.026: require('mason-lspconfig.settings')
019.606  000.064  000.039: require('mason-lspconfig')
019.647  000.036  000.036: require('mason-core.async')
019.709  000.033  000.033: require('mason-core.async.control')
019.743  000.032  000.032: require('mason-core.result')
019.798  000.023  000.023: require('mason-core.async.uv')
019.803  000.059  000.036: require('mason-core.fs')
019.813  000.165  000.041: require('mason-registry.installer')
019.960  000.027  000.027: require('mason-core.optional')
020.083  000.066  000.066: require('mason-core.process')
020.124  000.039  000.039: require('mason-core.spawn')
020.126  000.136  000.031: require('mason-core.installer.managers.powershell')
020.149  000.022  000.022: require('mason.version')
020.152  000.190  000.032: require('mason-core.fetch')
020.176  000.023  000.023: require('mason-core.providers')
020.317  000.052  000.052: require('mason-core.purl')
020.322  000.088  000.036: require('mason-core.package.AbstractPackage')
020.458  000.034  000.034: require('mason-core.installer.compiler.expr')
020.464  000.073  000.040: require('mason-core.installer.compiler.link')
020.645  000.027  000.027: require('mason-core.installer.context.InstallContextCwd')
020.675  000.028  000.028: require('mason-core.installer.context.InstallContextFs')
020.699  000.023  000.023: require('mason-core.installer.context.InstallContextSpawn')
020.729  000.027  000.027: require('mason-core.receipt')
020.741  000.170  000.064: require('mason-core.installer.context')
020.742  000.204  000.034: require('mason-core.installer')
020.750  000.251  000.047: require('mason-core.installer.managers.std')
020.752  000.287  000.036: require('mason-core.installer.compiler.schemas')
020.779  000.026  000.026: require('mason-core.installer.compiler.util')
020.784  000.428  000.042: require('mason-core.installer.compiler')
020.832  000.046  000.046: require('mason-core.installer.linker')
020.835  000.511  000.036: require('mason-core.installer.InstallRunner')
020.876  000.041  000.041: require('mason-core.installer.UninstallRunner')
020.882  000.681  000.041: require('mason-core.package')
020.884  000.707  000.026: require('mason-registry.sources.util')
020.891  000.996  000.050: require('mason-registry.sources.github')
024.138  000.009  000.009: require('vim.F')
024.225  000.035  000.035: require('mason-lspconfig.mappings')
024.227  000.085  000.049: require('mason-lspconfig.features.automatic_enable')
030.448  000.029  000.029: require('mason-lspconfig.notify')
030.467  000.100  000.071: require('mason-lspconfig.api.command')
030.661  000.048  000.048: sourcing /home/douglas/.local/share/bob/v0.11.5/share/nvim/runtime/plugin/editorconfig.lua
030.666  000.091  000.043: sourcing nvim_exec2() called at /home/douglas/.config/nvim/init.lua:0
030.840  000.143  000.143: sourcing /home/douglas/.local/share/bob/v0.11.5/share/nvim/runtime/plugin/gzip.vim
030.843  000.172  000.030: sourcing nvim_exec2() called at /home/douglas/.config/nvim/init.lua:0
030.915  000.041  000.041: sourcing /home/douglas/.local/share/bob/v0.11.5/share/nvim/runtime/plugin/man.lua
030.919  000.071  000.030: sourcing nvim_exec2() called at /home/douglas/.config/nvim/init.lua:0
031.447  000.132  000.132: sourcing /home/douglas/.local/share/bob/v0.11.5/share/nvim/runtime/pack/dist/opt/matchit/plugin/matchit.vim
031.463  000.514  000.382: sourcing /home/douglas/.local/share/bob/v0.11.5/share/nvim/runtime/plugin/matchit.vim
031.466  000.544  000.030: sourcing nvim_exec2() called at /home/douglas/.config/nvim/init.lua:0
031.586  000.089  000.089: sourcing /home/douglas/.local/share/bob/v0.11.5/share/nvim/runtime/plugin/matchparen.vim
031.589  000.117  000.028: sourcing nvim_exec2() called at /home/douglas/.config/nvim/init.lua:0
032.148  000.214  000.214: sourcing /home/douglas/.local/share/bob/v0.11.5/share/nvim/runtime/pack/dist/opt/netrw/plugin/netrwPlugin.vim
032.166  000.549  000.334: sourcing /home/douglas/.local/share/bob/v0.11.5/share/nvim/runtime/plugin/netrwPlugin.vim
032.168  000.576  000.028: sourcing nvim_exec2() called at /home/douglas/.config/nvim/init.lua:0
032.287  000.079  000.079: sourcing /home/douglas/.local/share/bob/v0.11.5/share/nvim/runtime/plugin/osc52.lua
032.291  000.115  000.036: sourcing nvim_exec2() called at /home/douglas/.config/nvim/init.lua:0
032.427  000.100  000.100: sourcing /home/douglas/.local/share/bob/v0.11.5/share/nvim/runtime/plugin/rplugin.vim
032.430  000.135  000.035: sourcing nvim_exec2() called at /home/douglas/.config/nvim/init.lua:0
032.510  000.036  000.036: sourcing /home/douglas/.local/share/bob/v0.11.5/share/nvim/runtime/plugin/shada.vim
032.513  000.071  000.035: sourcing nvim_exec2() called at /home/douglas/.config/nvim/init.lua:0
032.562  000.012  000.012: sourcing /home/douglas/.local/share/bob/v0.11.5/share/nvim/runtime/plugin/spellfile.vim
032.565  000.048  000.036: sourcing nvim_exec2() called at /home/douglas/.config/nvim/init.lua:0
032.658  000.060  000.060: sourcing /home/douglas/.local/share/bob/v0.11.5/share/nvim/runtime/plugin/tarPlugin.vim
032.661  000.093  000.033: sourcing nvim_exec2() called at /home/douglas/.config/nvim/init.lua:0
032.775  000.052  000.052: sourcing /home/douglas/.local/share/bob/v0.11.5/share/nvim/runtime/plugin/tohtml.lua
032.779  000.095  000.043: sourcing nvim_exec2() called at /home/douglas/.config/nvim/init.lua:0
032.828  000.014  000.014: sourcing /home/douglas/.local/share/bob/v0.11.5/share/nvim/runtime/plugin/tutor.vim
032.831  000.046  000.033: sourcing nvim_exec2() called at /home/douglas/.config/nvim/init.lua:0
032.968  000.098  000.098: sourcing /home/douglas/.local/share/bob/v0.11.5/share/nvim/runtime/plugin/zipPlugin.vim
032.971  000.131  000.033: sourcing nvim_exec2() called at /home/douglas/.config/nvim/init.lua:0
033.311  000.012  000.012: sourcing nvim_exec2() called at /home/douglas/.config/nvim/init.lua:0
034.133  000.005  000.005: sourcing nvim_exec2() called at /home/douglas/.config/nvim/init.lua:0
034.138  000.001  000.001: sourcing nvim_exec2() called at /home/douglas/.config/nvim/init.lua:0
034.141  000.001  000.001: sourcing nvim_exec2() called at /home/douglas/.config/nvim/init.lua:0
034.144  000.002  000.002: sourcing nvim_exec2() called at /home/douglas/.config/nvim/init.lua:0
034.146  000.001  000.001: sourcing nvim_exec2() called at /home/douglas/.config/nvim/init.lua:0
034.149  000.001  000.001: sourcing nvim_exec2() called at /home/douglas/.config/nvim/init.lua:0
034.152  000.001  000.001: sourcing nvim_exec2() called at /home/douglas/.config/nvim/init.lua:0
034.154  000.001  000.001: sourcing nvim_exec2() called at /home/douglas/.config/nvim/init.lua:0
034.157  000.001  000.001: sourcing nvim_exec2() called at /home/douglas/.config/nvim/init.lua:0
034.159  000.001  000.001: sourcing nvim_exec2() called at /home/douglas/.config/nvim/init.lua:0
034.162  000.001  000.001: sourcing nvim_exec2() called at /home/douglas/.config/nvim/init.lua:0
034.164  000.001  000.001: sourcing nvim_exec2() called at /home/douglas/.config/nvim/init.lua:0
034.196  000.001  000.001: sourcing nvim_exec2() called at /home/douglas/.config/nvim/init.lua:0
034.199  000.001  000.001: sourcing nvim_exec2() called at /home/douglas/.config/nvim/init.lua:0
034.201  000.001  000.001: sourcing nvim_exec2() called at /home/douglas/.config/nvim/init.lua:0
034.203  000.001  000.001: sourcing nvim_exec2() called at /home/douglas/.config/nvim/init.lua:0
034.206  000.001  000.001: sourcing nvim_exec2() called at /home/douglas/.config/nvim/init.lua:0
034.208  000.001  000.001: sourcing nvim_exec2() called at /home/douglas/.config/nvim/init.lua:0
034.211  000.001  000.001: sourcing nvim_exec2() called at /home/douglas/.config/nvim/init.lua:0
034.213  000.001  000.001: sourcing nvim_exec2() called at /home/douglas/.config/nvim/init.lua:0
034.216  000.002  000.002: sourcing nvim_exec2() called at /home/douglas/.config/nvim/init.lua:0
034.218  000.001  000.001: sourcing nvim_exec2() called at /home/douglas/.config/nvim/init.lua:0
034.221  000.001  000.001: sourcing nvim_exec2() called at /home/douglas/.config/nvim/init.lua:0
034.223  000.001  000.001: sourcing nvim_exec2() called at /home/douglas/.config/nvim/init.lua:0
034.226  000.001  000.001: sourcing nvim_exec2() called at /home/douglas/.config/nvim/init.lua:0
034.229  000.001  000.001: sourcing nvim_exec2() called at /home/douglas/.config/nvim/init.lua:0
034.231  000.001  000.001: sourcing nvim_exec2() called at /home/douglas/.config/nvim/init.lua:0
034.233  000.001  000.001: sourcing nvim_exec2() called at /home/douglas/.config/nvim/init.lua:0
034.236  000.001  000.001: sourcing nvim_exec2() called at /home/douglas/.config/nvim/init.lua:0
034.238  000.001  000.001: sourcing nvim_exec2() called at /home/douglas/.config/nvim/init.lua:0
034.243  000.001  000.001: sourcing nvim_exec2() called at /home/douglas/.config/nvim/init.lua:0
034.245  000.001  000.001: sourcing nvim_exec2() called at /home/douglas/.config/nvim/init.lua:0
034.248  000.001  000.001: sourcing nvim_exec2() called at /home/douglas/.config/nvim/init.lua:0
034.250  000.001  000.001: sourcing nvim_exec2() called at /home/douglas/.config/nvim/init.lua:0
034.253  000.001  000.001: sourcing nvim_exec2() called at /home/douglas/.config/nvim/init.lua:0
034.256  000.001  000.001: sourcing nvim_exec2() called at /home/douglas/.config/nvim/init.lua:0
034.258  000.001  000.001: sourcing nvim_exec2() called at /home/douglas/.config/nvim/init.lua:0
034.261  000.001  000.001: sourcing nvim_exec2() called at /home/douglas/.config/nvim/init.lua:0
034.263  000.001  000.001: sourcing nvim_exec2() called at /home/douglas/.config/nvim/init.lua:0
034.265  000.001  000.001: sourcing nvim_exec2() called at /home/douglas/.config/nvim/init.lua:0
034.267  000.001  000.001: sourcing nvim_exec2() called at /home/douglas/.config/nvim/init.lua:0
034.270  000.001  000.001: sourcing nvim_exec2() called at /home/douglas/.config/nvim/init.lua:0
034.272  000.001  000.001: sourcing nvim_exec2() called at /home/douglas/.config/nvim/init.lua:0
034.275  000.001  000.001: sourcing nvim_exec2() called at /home/douglas/.config/nvim/init.lua:0
034.277  000.001  000.001: sourcing nvim_exec2() called at /home/douglas/.config/nvim/init.lua:0
034.280  000.001  000.001: sourcing nvim_exec2() called at /home/douglas/.config/nvim/init.lua:0
034.282  000.001  000.001: sourcing nvim_exec2() called at /home/douglas/.config/nvim/init.lua:0
034.284  000.001  000.001: sourcing nvim_exec2() called at /home/douglas/.config/nvim/init.lua:0
034.287  000.001  000.001: sourcing nvim_exec2() called at /home/douglas/.config/nvim/init.lua:0
034.291  000.001  000.001: sourcing nvim_exec2() called at /home/douglas/.config/nvim/init.lua:0
034.293  000.001  000.001: sourcing nvim_exec2() called at /home/douglas/.config/nvim/init.lua:0
034.296  000.001  000.001: sourcing nvim_exec2() called at /home/douglas/.config/nvim/init.lua:0
034.314  000.001  000.001: sourcing nvim_exec2() called at /home/douglas/.config/nvim/init.lua:0
034.316  000.001  000.001: sourcing nvim_exec2() called at /home/douglas/.config/nvim/init.lua:0
034.319  000.001  000.001: sourcing nvim_exec2() called at /home/douglas/.config/nvim/init.lua:0
034.321  000.001  000.001: sourcing nvim_exec2() called at /home/douglas/.config/nvim/init.lua:0
034.323  000.001  000.001: sourcing nvim_exec2() called at /home/douglas/.config/nvim/init.lua:0
034.326  000.001  000.001: sourcing nvim_exec2() called at /home/douglas/.config/nvim/init.lua:0
034.328  000.001  000.001: sourcing nvim_exec2() called at /home/douglas/.config/nvim/init.lua:0
034.330  000.001  000.001: sourcing nvim_exec2() called at /home/douglas/.config/nvim/init.lua:0
034.332  000.001  000.001: sourcing nvim_exec2() called at /home/douglas/.config/nvim/init.lua:0
034.335  000.001  000.001: sourcing nvim_exec2() called at /home/douglas/.config/nvim/init.lua:0
034.337  000.001  000.001: sourcing nvim_exec2() called at /home/douglas/.config/nvim/init.lua:0
034.339  000.001  000.001: sourcing nvim_exec2() called at /home/douglas/.config/nvim/init.lua:0
034.344  000.001  000.001: sourcing nvim_exec2() called at /home/douglas/.config/nvim/init.lua:0
034.347  000.001  000.001: sourcing nvim_exec2() called at /home/douglas/.config/nvim/init.lua:0
034.349  000.001  000.001: sourcing nvim_exec2() called at /home/douglas/.config/nvim/init.lua:0
034.351  000.001  000.001: sourcing nvim_exec2() called at /home/douglas/.config/nvim/init.lua:0
034.353  000.001  000.001: sourcing nvim_exec2() called at /home/douglas/.config/nvim/init.lua:0
034.356  000.001  000.001: sourcing nvim_exec2() called at /home/douglas/.config/nvim/init.lua:0
034.359  000.001  000.001: sourcing nvim_exec2() called at /home/douglas/.config/nvim/init.lua:0
034.369  000.003  000.003: sourcing nvim_exec2() called at /home/douglas/.config/nvim/init.lua:0
034.378  000.002  000.002: sourcing nvim_exec2() called at /home/douglas/.config/nvim/init.lua:0
034.390  000.002  000.002: sourcing nvim_exec2() called at /home/douglas/.config/nvim/init.lua:0
034.395  000.001  000.001: sourcing nvim_exec2() called at /home/douglas/.config/nvim/init.lua:0
034.402  000.002  000.002: sourcing nvim_exec2() called at /home/douglas/.config/nvim/init.lua:0
034.407  000.001  000.001: sourcing nvim_exec2() called at /home/douglas/.config/nvim/init.lua:0
034.411  000.001  000.001: sourcing nvim_exec2() called at /home/douglas/.config/nvim/init.lua:0
034.419  000.002  000.002: sourcing nvim_exec2() called at /home/douglas/.config/nvim/init.lua:0
034.423  000.001  000.001: sourcing nvim_exec2() called at /home/douglas/.config/nvim/init.lua:0
034.429  000.001  000.001: sourcing nvim_exec2() called at /home/douglas/.config/nvim/init.lua:0
034.434  000.001  000.001: sourcing nvim_exec2() called at /home/douglas/.config/nvim/init.lua:0
034.438  000.001  000.001: sourcing nvim_exec2() called at /home/douglas/.config/nvim/init.lua:0
034.444  000.001  000.001: sourcing nvim_exec2() called at /home/douglas/.config/nvim/init.lua:0
034.449  000.001  000.001: sourcing nvim_exec2() called at /home/douglas/.config/nvim/init.lua:0
034.454  000.001  000.001: sourcing nvim_exec2() called at /home/douglas/.config/nvim/init.lua:0
034.460  000.001  000.001: sourcing nvim_exec2() called at /home/douglas/.config/nvim/init.lua:0
034.465  000.001  000.001: sourcing nvim_exec2() called at /home/douglas/.config/nvim/init.lua:0
034.471  000.001  000.001: sourcing nvim_exec2() called at /home/douglas/.config/nvim/init.lua:0
034.476  000.001  000.001: sourcing nvim_exec2() called at /home/douglas/.config/nvim/init.lua:0
034.482  000.001  000.001: sourcing nvim_exec2() called at /home/douglas/.config/nvim/init.lua:0
034.486  000.001  000.001: sourcing nvim_exec2() called at /home/douglas/.config/nvim/init.lua:0
034.491  000.001  000.001: sourcing nvim_exec2() called at /home/douglas/.config/nvim/init.lua:0
034.500  000.006  000.006: sourcing nvim_exec2() called at /home/douglas/.config/nvim/init.lua:0
034.571  000.005  000.005: sourcing nvim_exec2() called at /home/douglas/.config/nvim/init.lua:0
034.578  000.003  000.003: sourcing nvim_exec2() called at /home/douglas/.config/nvim/init.lua:0
034.632  000.004  000.004: sourcing nvim_exec2() called at /home/douglas/.config/nvim/init.lua:0
034.639  000.002  000.002: sourcing nvim_exec2() called at /home/douglas/.config/nvim/init.lua:0
034.645  000.001  000.001: sourcing nvim_exec2() called at /home/douglas/.config/nvim/init.lua:0
034.651  000.001  000.001: sourcing nvim_exec2() called at /home/douglas/.config/nvim/init.lua:0
034.656  000.001  000.001: sourcing nvim_exec2() called at /home/douglas/.config/nvim/init.lua:0
034.660  000.001  000.001: sourcing nvim_exec2() called at /home/douglas/.config/nvim/init.lua:0
034.667  000.001  000.001: sourcing nvim_exec2() called at /home/douglas/.config/nvim/init.lua:0
034.675  000.002  000.002: sourcing nvim_exec2() called at /home/douglas/.config/nvim/init.lua:0
034.684  000.002  000.002: sourcing nvim_exec2() called at /home/douglas/.config/nvim/init.lua:0
034.689  000.001  000.001: sourcing nvim_exec2() called at /home/douglas/.config/nvim/init.lua:0
034.693  000.001  000.001: sourcing nvim_exec2() called at /home/douglas/.config/nvim/init.lua:0
034.702  000.002  000.002: sourcing nvim_exec2() called at /home/douglas/.config/nvim/init.lua:0
034.729  000.002  000.002: sourcing nvim_exec2() called at /home/douglas/.config/nvim/init.lua:0
034.734  000.001  000.001: sourcing nvim_exec2() called at /home/douglas/.config/nvim/init.lua:0
034.743  000.001  000.001: sourcing nvim_exec2() called at /home/douglas/.config/nvim/init.lua:0
034.748  000.002  000.002: sourcing nvim_exec2() called at /home/douglas/.config/nvim/init.lua:0
034.754  000.002  000.002: sourcing nvim_exec2() called at /home/douglas/.config/nvim/init.lua:0
034.762  000.002  000.002: sourcing nvim_exec2() called at /home/douglas/.config/nvim/init.lua:0
034.768  000.002  000.002: sourcing nvim_exec2() called at /home/douglas/.config/nvim/init.lua:0
034.773  000.002  000.002: sourcing nvim_exec2() called at /home/douglas/.config/nvim/init.lua:0
034.782  000.002  000.002: sourcing nvim_exec2() called at /home/douglas/.config/nvim/init.lua:0
034.790  000.005  000.005: sourcing nvim_exec2() called at /home/douglas/.config/nvim/init.lua:0
034.795  000.001  000.001: sourcing nvim_exec2() called at /home/douglas/.config/nvim/init.lua:0
034.798  000.002  000.002: sourcing nvim_exec2() called at /home/douglas/.config/nvim/init.lua:0
034.803  000.003  000.003: sourcing nvim_exec2() called at /home/douglas/.config/nvim/init.lua:0
034.929  000.004  000.004: sourcing nvim_exec2() called at /home/douglas/.config/nvim/init.lua:0
034.937  000.002  000.002: sourcing nvim_exec2() called at /home/douglas/.config/nvim/init.lua:0
034.943  000.002  000.002: sourcing nvim_exec2() called at /home/douglas/.config/nvim/init.lua:0
034.952  000.002  000.002: sourcing nvim_exec2() called at /home/douglas/.config/nvim/init.lua:0
034.958  000.002  000.002: sourcing nvim_exec2() called at /home/douglas/.config/nvim/init.lua:0
034.964  000.002  000.002: sourcing nvim_exec2() called at /home/douglas/.config/nvim/init.lua:0
034.971  000.001  000.001: sourcing nvim_exec2() called at /home/douglas/.config/nvim/init.lua:0
034.978  000.001  000.001: sourcing nvim_exec2() called at /home/douglas/.config/nvim/init.lua:0
034.985  000.001  000.001: sourcing nvim_exec2() called at /home/douglas/.config/nvim/init.lua:0
034.990  000.001  000.001: sourcing nvim_exec2() called at /home/douglas/.config/nvim/init.lua:0
034.997  000.002  000.002: sourcing nvim_exec2() called at /home/douglas/.config/nvim/init.lua:0
035.003  000.002  000.002: sourcing nvim_exec2() called at /home/douglas/.config/nvim/init.lua:0
035.010  000.002  000.002: sourcing nvim_exec2() called at /home/douglas/.config/nvim/init.lua:0
035.018  000.002  000.002: sourcing nvim_exec2() called at /home/douglas/.config/nvim/init.lua:0
035.031  000.002  000.002: sourcing nvim_exec2() called at /home/douglas/.config/nvim/init.lua:0
035.038  000.001  000.001: sourcing nvim_exec2() called at /home/douglas/.config/nvim/init.lua:0
035.042  000.001  000.001: sourcing nvim_exec2() called at /home/douglas/.config/nvim/init.lua:0
035.047  000.001  000.001: sourcing nvim_exec2() called at /home/douglas/.config/nvim/init.lua:0
035.053  000.001  000.001: sourcing nvim_exec2() called at /home/douglas/.config/nvim/init.lua:0
035.057  000.001  000.001: sourcing nvim_exec2() called at /home/douglas/.config/nvim/init.lua:0
035.062  000.001  000.001: sourcing nvim_exec2() called at /home/douglas/.config/nvim/init.lua:0
035.069  000.001  000.001: sourcing nvim_exec2() called at /home/douglas/.config/nvim/init.lua:0
035.076  000.001  000.001: sourcing nvim_exec2() called at /home/douglas/.config/nvim/init.lua:0
035.081  000.001  000.001: sourcing nvim_exec2() called at /home/douglas/.config/nvim/init.lua:0
035.086  000.001  000.001: sourcing nvim_exec2() called at /home/douglas/.config/nvim/init.lua:0
035.090  000.001  000.001: sourcing nvim_exec2() called at /home/douglas/.config/nvim/init.lua:0
035.101  000.001  000.001: sourcing nvim_exec2() called at /home/douglas/.config/nvim/init.lua:0
035.105  000.001  000.001: sourcing nvim_exec2() called at /home/douglas/.config/nvim/init.lua:0
035.137  000.003  000.003: sourcing nvim_exec2() called at /home/douglas/.config/nvim/init.lua:0
035.142  000.002  000.002: sourcing nvim_exec2() called at /home/douglas/.config/nvim/init.lua:0
035.147  000.001  000.001: sourcing nvim_exec2() called at /home/douglas/.config/nvim/init.lua:0
035.154  000.002  000.002: sourcing nvim_exec2() called at /home/douglas/.config/nvim/init.lua:0
035.159  000.001  000.001: sourcing nvim_exec2() called at /home/douglas/.config/nvim/init.lua:0
035.165  000.002  000.002: sourcing nvim_exec2() called at /home/douglas/.config/nvim/init.lua:0
035.170  000.001  000.001: sourcing nvim_exec2() called at /home/douglas/.config/nvim/init.lua:0
035.283  000.015  000.015: sourcing nvim_exec2() called at /home/douglas/.config/nvim/init.lua:0
035.303  000.003  000.003: sourcing nvim_exec2() called at /home/douglas/.config/nvim/init.lua:0
035.315  000.009  000.009: sourcing nvim_exec2() called at /home/douglas/.config/nvim/init.lua:0
035.321  000.004  000.004: sourcing nvim_exec2() called at /home/douglas/.config/nvim/init.lua:0
035.327  000.003  000.003: sourcing nvim_exec2() called at /home/douglas/.config/nvim/init.lua:0
035.552  000.208  000.208: require('vim.diagnostic')
036.284  000.086  000.086: require('catppuccin')
036.343  000.032  000.032: require('catppuccin.lib.hashing')
037.380  001.197  001.079: sourcing /home/douglas/.local/share/nvim/lazy/catppuccin/colors/catppuccin.vim
037.538  000.007  000.007: sourcing nvim_exec2() called at ColorScheme Autocommands for "*":0
037.844  000.040  000.040: require('catppuccin.utils.lualine')
037.879  000.033  000.033: require('catppuccin.palettes')
037.915  000.034  000.034: require('catppuccin.palettes.mocha')
037.928  000.003  000.003: sourcing nvim_exec2() called at ColorScheme Autocommands for "*":0
037.931  000.001  000.001: sourcing nvim_exec2() called at ColorScheme Autocommands for "*":0
037.934  000.001  000.001: sourcing nvim_exec2() called at ColorScheme Autocommands for "*":0
037.937  000.001  000.001: sourcing nvim_exec2() called at ColorScheme Autocommands for "*":0
037.939  000.001  000.001: sourcing nvim_exec2() called at ColorScheme Autocommands for "*":0
037.941  000.001  000.001: sourcing nvim_exec2() called at ColorScheme Autocommands for "*":0
037.944  000.001  000.001: sourcing nvim_exec2() called at ColorScheme Autocommands for "*":0
037.946  000.001  000.001: sourcing nvim_exec2() called at ColorScheme Autocommands for "*":0
037.949  000.001  000.001: sourcing nvim_exec2() called at ColorScheme Autocommands for "*":0
037.951  000.001  000.001: sourcing nvim_exec2() called at ColorScheme Autocommands for "*":0
037.953  000.001  000.001: sourcing nvim_exec2() called at ColorScheme Autocommands for "*":0
037.955  000.001  000.001: sourcing nvim_exec2() called at ColorScheme Autocommands for "*":0
037.958  000.001  000.001: sourcing nvim_exec2() called at ColorScheme Autocommands for "*":0
037.960  000.001  000.001: sourcing nvim_exec2() called at ColorScheme Autocommands for "*":0
037.962  000.001  000.001: sourcing nvim_exec2() called at ColorScheme Autocommands for "*":0
037.977  000.001  000.001: sourcing nvim_exec2() called at ColorScheme Autocommands for "*":0
037.979  000.001  000.001: sourcing nvim_exec2() called at ColorScheme Autocommands for "*":0
037.984  000.001  000.001: sourcing nvim_exec2() called at ColorScheme Autocommands for "*":0
037.986  000.001  000.001: sourcing nvim_exec2() called at ColorScheme Autocommands for "*":0
037.988  000.001  000.001: sourcing nvim_exec2() called at ColorScheme Autocommands for "*":0
037.990  000.001  000.001: sourcing nvim_exec2() called at ColorScheme Autocommands for "*":0
037.993  000.001  000.001: sourcing nvim_exec2() called at ColorScheme Autocommands for "*":0
037.995  000.001  000.001: sourcing nvim_exec2() called at ColorScheme Autocommands for "*":0
037.997  000.001  000.001: sourcing nvim_exec2() called at ColorScheme Autocommands for "*":0
037.999  000.001  000.001: sourcing nvim_exec2() called at ColorScheme Autocommands for "*":0
038.002  000.001  000.001: sourcing nvim_exec2() called at ColorScheme Autocommands for "*":0
038.004  000.001  000.001: sourcing nvim_exec2() called at ColorScheme Autocommands for "*":0
038.007  000.001  000.001: sourcing nvim_exec2() called at ColorScheme Autocommands for "*":0
038.009  000.001  000.001: sourcing nvim_exec2() called at ColorScheme Autocommands for "*":0
038.011  000.001  000.001: sourcing nvim_exec2() called at ColorScheme Autocommands for "*":0
038.014  000.001  000.001: sourcing nvim_exec2() called at ColorScheme Autocommands for "*":0
038.016  000.001  000.001: sourcing nvim_exec2() called at ColorScheme Autocommands for "*":0
038.018  000.001  000.001: sourcing nvim_exec2() called at ColorScheme Autocommands for "*":0
038.020  000.001  000.001: sourcing nvim_exec2() called at ColorScheme Autocommands for "*":0
038.023  000.001  000.001: sourcing nvim_exec2() called at ColorScheme Autocommands for "*":0
038.032  000.001  000.001: sourcing nvim_exec2() called at ColorScheme Autocommands for "*":0
038.035  000.001  000.001: sourcing nvim_exec2() called at ColorScheme Autocommands for "*":0
038.037  000.001  000.001: sourcing nvim_exec2() called at ColorScheme Autocommands for "*":0
038.039  000.001  000.001: sourcing nvim_exec2() called at ColorScheme Autocommands for "*":0
038.041  000.001  000.001: sourcing nvim_exec2() called at ColorScheme Autocommands for "*":0
038.044  000.001  000.001: sourcing nvim_exec2() called at ColorScheme Autocommands for "*":0
038.046  000.001  000.001: sourcing nvim_exec2() called at ColorScheme Autocommands for "*":0
038.048  000.001  000.001: sourcing nvim_exec2() called at ColorScheme Autocommands for "*":0
038.050  000.001  000.001: sourcing nvim_exec2() called at ColorScheme Autocommands for "*":0
038.052  000.001  000.001: sourcing nvim_exec2() called at ColorScheme Autocommands for "*":0
038.057  000.001  000.001: sourcing nvim_exec2() called at ColorScheme Autocommands for "*":0
038.059  000.001  000.001: sourcing nvim_exec2() called at ColorScheme Autocommands for "*":0
038.061  000.001  000.001: sourcing nvim_exec2() called at ColorScheme Autocommands for "*":0
038.063  000.001  000.001: sourcing nvim_exec2() called at ColorScheme Autocommands for "*":0
038.066  000.001  000.001: sourcing nvim_exec2() called at ColorScheme Autocommands for "*":0
038.068  000.001  000.001: sourcing nvim_exec2() called at ColorScheme Autocommands for "*":0
038.070  000.001  000.001: sourcing nvim_exec2() called at ColorScheme Autocommands for "*":0
038.072  000.001  000.001: sourcing nvim_exec2() called at ColorScheme Autocommands for "*":0
038.074  000.001  000.001: sourcing nvim_exec2() called at ColorScheme Autocommands for "*":0
038.077  000.001  000.001: sourcing nvim_exec2() called at ColorScheme Autocommands for "*":0
038.079  000.001  000.001: sourcing nvim_exec2() called at ColorScheme Autocommands for "*":0
038.081  000.001  000.001: sourcing nvim_exec2() called at ColorScheme Autocommands for "*":0
038.083  000.001  000.001: sourcing nvim_exec2() called at ColorScheme Autocommands for "*":0
038.085  000.001  000.001: sourcing nvim_exec2() called at ColorScheme Autocommands for "*":0
038.087  000.001  000.001: sourcing nvim_exec2() called at ColorScheme Autocommands for "*":0
038.090  000.001  000.001: sourcing nvim_exec2() called at ColorScheme Autocommands for "*":0
038.092  000.001  000.001: sourcing nvim_exec2() called at ColorScheme Autocommands for "*":0
038.094  000.001  000.001: sourcing nvim_exec2() called at ColorScheme Autocommands for "*":0
038.096  000.001  000.001: sourcing nvim_exec2() called at ColorScheme Autocommands for "*":0
038.099  000.001  000.001: sourcing nvim_exec2() called at ColorScheme Autocommands for "*":0
038.101  000.001  000.001: sourcing nvim_exec2() called at ColorScheme Autocommands for "*":0
038.103  000.001  000.001: sourcing nvim_exec2() called at ColorScheme Autocommands for "*":0
038.105  000.001  000.001: sourcing nvim_exec2() called at ColorScheme Autocommands for "*":0
038.107  000.001  000.001: sourcing nvim_exec2() called at ColorScheme Autocommands for "*":0
038.112  000.001  000.001: sourcing nvim_exec2() called at ColorScheme Autocommands for "*":0
038.114  000.001  000.001: sourcing nvim_exec2() called at ColorScheme Autocommands for "*":0
038.116  000.001  000.001: sourcing nvim_exec2() called at ColorScheme Autocommands for "*":0
038.118  000.001  000.001: sourcing nvim_exec2() called at ColorScheme Autocommands for "*":0
038.120  000.001  000.001: sourcing nvim_exec2() called at ColorScheme Autocommands for "*":0
038.123  000.001  000.001: sourcing nvim_exec2() called at ColorScheme Autocommands for "*":0
038.125  000.001  000.001: sourcing nvim_exec2() called at ColorScheme Autocommands for "*":0
038.127  000.001  000.001: sourcing nvim_exec2() called at ColorScheme Autocommands for "*":0
038.129  000.001  000.001: sourcing nvim_exec2() called at ColorScheme Autocommands for "*":0
038.131  000.001  000.001: sourcing nvim_exec2() called at ColorScheme Autocommands for "*":0
038.133  000.001  000.001: sourcing nvim_exec2() called at ColorScheme Autocommands for "*":0
038.136  000.001  000.001: sourcing nvim_exec2() called at ColorScheme Autocommands for "*":0
038.138  000.001  000.001: sourcing nvim_exec2() called at ColorScheme Autocommands for "*":0
038.140  000.001  000.001: sourcing nvim_exec2() called at ColorScheme Autocommands for "*":0
038.142  000.001  000.001: sourcing nvim_exec2() called at ColorScheme Autocommands for "*":0
038.145  000.001  000.001: sourcing nvim_exec2() called at ColorScheme Autocommands for "*":0
038.211  000.003  000.003: sourcing nvim_exec2() called at ColorScheme Autocommands for "*":0
038.220  000.002  000.002: sourcing nvim_exec2() called at ColorScheme Autocommands for "*":0
038.228  000.002  000.002: sourcing nvim_exec2() called at ColorScheme Autocommands for "*":0
038.234  000.001  000.001: sourcing nvim_exec2() called at ColorScheme Autocommands for "*":0
038.241  000.002  000.002: sourcing nvim_exec2() called at ColorScheme Autocommands for "*":0
038.246  000.001  000.001: sourcing nvim_exec2() called at ColorScheme Autocommands for "*":0
038.251  000.002  000.002: sourcing nvim_exec2() called at ColorScheme Autocommands for "*":0
038.258  000.001  000.001: sourcing nvim_exec2() called at ColorScheme Autocommands for "*":0
038.263  000.002  000.002: sourcing nvim_exec2() called at ColorScheme Autocommands for "*":0
038.269  000.001  000.001: sourcing nvim_exec2() called at ColorScheme Autocommands for "*":0
038.275  000.002  000.002: sourcing nvim_exec2() called at ColorScheme Autocommands for "*":0
038.280  000.001  000.001: sourcing nvim_exec2() called at ColorScheme Autocommands for "*":0
038.286  000.001  000.001: sourcing nvim_exec2() called at ColorScheme Autocommands for "*":0
038.291  000.001  000.001: sourcing nvim_exec2() called at ColorScheme Autocommands for "*":0
038.297  000.002  000.002: sourcing nvim_exec2() called at ColorScheme Autocommands for "*":0
038.303  000.002  000.002: sourcing nvim_exec2() called at ColorScheme Autocommands for "*":0
038.353  000.003  000.003: sourcing nvim_exec2() called at ColorScheme Autocommands for "*":0
038.373  000.006  000.006: sourcing nvim_exec2() called at ColorScheme Autocommands for "*":0
038.410  000.003  000.003: sourcing nvim_exec2() called at ColorScheme Autocommands for "*":0
038.416  000.003  000.003: sourcing nvim_exec2() called at ColorScheme Autocommands for "*":0
038.482  000.003  000.003: sourcing nvim_exec2() called at ColorScheme Autocommands for "*":0
038.490  000.001  000.001: sourcing nvim_exec2() called at ColorScheme Autocommands for "*":0
038.509  000.002  000.002: sourcing nvim_exec2() called at ColorScheme Autocommands for "*":0
038.514  000.001  000.001: sourcing nvim_exec2() called at ColorScheme Autocommands for "*":0
038.520  000.001  000.001: sourcing nvim_exec2() called at ColorScheme Autocommands for "*":0
038.525  000.001  000.001: sourcing nvim_exec2() called at ColorScheme Autocommands for "*":0
038.537  000.007  000.007: sourcing nvim_exec2() called at ColorScheme Autocommands for "*":0
038.544  000.002  000.002: sourcing nvim_exec2() called at ColorScheme Autocommands for "*":0
038.549  000.001  000.001: sourcing nvim_exec2() called at ColorScheme Autocommands for "*":0
038.583  000.002  000.002: sourcing nvim_exec2() called at ColorScheme Autocommands for "*":0
038.605  000.001  000.001: sourcing nvim_exec2() called at ColorScheme Autocommands for "*":0
038.628  000.002  000.002: sourcing nvim_exec2() called at ColorScheme Autocommands for "*":0
038.648  000.001  000.001: sourcing nvim_exec2() called at ColorScheme Autocommands for "*":0
038.675  000.002  000.002: sourcing nvim_exec2() called at ColorScheme Autocommands for "*":0
038.684  000.001  000.001: sourcing nvim_exec2() called at ColorScheme Autocommands for "*":0
038.689  000.001  000.001: sourcing nvim_exec2() called at ColorScheme Autocommands for "*":0
038.696  000.001  000.001: sourcing nvim_exec2() called at ColorScheme Autocommands for "*":0
038.700  000.001  000.001: sourcing nvim_exec2() called at ColorScheme Autocommands for "*":0
038.706  000.001  000.001: sourcing nvim_exec2() called at ColorScheme Autocommands for "*":0
038.710  000.001  000.001: sourcing nvim_exec2() called at ColorScheme Autocommands for "*":0
038.733  000.002  000.002: sourcing nvim_exec2() called at ColorScheme Autocommands for "*":0
038.741  000.005  000.005: sourcing nvim_exec2() called at ColorScheme Autocommands for "*":0
038.745  000.002  000.002: sourcing nvim_exec2() called at ColorScheme Autocommands for "*":0
038.749  000.002  000.002: sourcing nvim_exec2() called at ColorScheme Autocommands for "*":0
038.754  000.003  000.003: sourcing nvim_exec2() called at ColorScheme Autocommands for "*":0
038.799  000.002  000.002: sourcing nvim_exec2() called at ColorScheme Autocommands for "*":0
038.818  000.002  000.002: sourcing nvim_exec2() called at ColorScheme Autocommands for "*":0
038.833  000.001  000.001: sourcing nvim_exec2() called at ColorScheme Autocommands for "*":0
038.851  000.002  000.002: sourcing nvim_exec2() called at ColorScheme Autocommands for "*":0
038.856  000.001  000.001: sourcing nvim_exec2() called at ColorScheme Autocommands for "*":0
038.874  000.001  000.001: sourcing nvim_exec2() called at ColorScheme Autocommands for "*":0
038.880  000.001  000.001: sourcing nvim_exec2() called at ColorScheme Autocommands for "*":0
038.887  000.001  000.001: sourcing nvim_exec2() called at ColorScheme Autocommands for "*":0
038.894  000.002  000.002: sourcing nvim_exec2() called at ColorScheme Autocommands for "*":0
038.899  000.001  000.001: sourcing nvim_exec2() called at ColorScheme Autocommands for "*":0
038.903  000.001  000.001: sourcing nvim_exec2() called at ColorScheme Autocommands for "*":0
038.910  000.001  000.001: sourcing nvim_exec2() called at ColorScheme Autocommands for "*":0
038.914  000.001  000.001: sourcing nvim_exec2() called at ColorScheme Autocommands for "*":0
038.920  000.001  000.001: sourcing nvim_exec2() called at ColorScheme Autocommands for "*":0
038.926  000.002  000.002: sourcing nvim_exec2() called at ColorScheme Autocommands for "*":0
038.931  000.001  000.001: sourcing nvim_exec2() called at ColorScheme Autocommands for "*":0
038.936  000.001  000.001: sourcing nvim_exec2() called at ColorScheme Autocommands for "*":0
038.946  000.001  000.001: sourcing nvim_exec2() called at ColorScheme Autocommands for "*":0
038.950  000.001  000.001: sourcing nvim_exec2() called at ColorScheme Autocommands for "*":0
038.954  000.001  000.001: sourcing nvim_exec2() called at ColorScheme Autocommands for "*":0
038.960  000.002  000.002: sourcing nvim_exec2() called at ColorScheme Autocommands for "*":0
038.966  000.001  000.001: sourcing nvim_exec2() called at ColorScheme Autocommands for "*":0
038.972  000.001  000.001: sourcing nvim_exec2() called at ColorScheme Autocommands for "*":0
038.977  000.001  000.001: sourcing nvim_exec2() called at ColorScheme Autocommands for "*":0
038.981  000.001  000.001: sourcing nvim_exec2() called at ColorScheme Autocommands for "*":0
038.986  000.001  000.001: sourcing nvim_exec2() called at ColorScheme Autocommands for "*":0
038.991  000.001  000.001: sourcing nvim_exec2() called at ColorScheme Autocommands for "*":0
038.998  000.002  000.002: sourcing nvim_exec2() called at ColorScheme Autocommands for "*":0
039.094  000.003  000.003: sourcing nvim_exec2() called at ColorScheme Autocommands for "*":0
039.101  000.002  000.002: sourcing nvim_exec2() called at ColorScheme Autocommands for "*":0
039.108  000.001  000.001: sourcing nvim_exec2() called at ColorScheme Autocommands for "*":0
039.112  000.001  000.001: sourcing nvim_exec2() called at ColorScheme Autocommands for "*":0
039.118  000.001  000.001: sourcing nvim_exec2() called at ColorScheme Autocommands for "*":0
039.123  000.001  000.001: sourcing nvim_exec2() called at ColorScheme Autocommands for "*":0
039.127  000.001  000.001: sourcing nvim_exec2() called at ColorScheme Autocommands for "*":0
039.201  000.008  000.008: sourcing nvim_exec2() called at ColorScheme Autocommands for "*":0
039.212  000.003  000.003: sourcing nvim_exec2() called at ColorScheme Autocommands for "*":0
039.224  000.009  000.009: sourcing nvim_exec2() called at ColorScheme Autocommands for "*":0
039.231  000.005  000.005: sourcing nvim_exec2() called at ColorScheme Autocommands for "*":0
039.237  000.004  000.004: sourcing nvim_exec2() called at ColorScheme Autocommands for "*":0
039.338  000.093  000.093: require('telescope.builtin')
039.477  000.123  000.123: require('vim.lsp.buf')
039.559  036.844  020.184: sourcing /home/douglas/.config/nvim/init.lua
039.566  000.460: sourcing vimrc file(s)
039.715  000.033  000.033: sourcing /home/douglas/.local/share/bob/v0.11.5/share/nvim/runtime/filetype.lua
039.929  000.044  000.044: sourcing /home/douglas/.local/share/bob/v0.11.5/share/nvim/runtime/syntax/synload.vim
039.980  000.191  000.146: sourcing /home/douglas/.local/share/bob/v0.11.5/share/nvim/runtime/syntax/syntax.vim
039.989  000.199: inits 3
041.032  001.043: reading ShaDa
041.159  000.126: opening buffers
041.224  000.066: BufEnter autocommands
041.227  000.002: editing files in windows
041.231  000.005: --- NVIM STARTED ---

--- Startup times for process: Primary (or UI client) ---

times in msec
 clock   self+sourced   self:  sourced script
 clock   elapsed:              other lines

000.002  000.002: --- NVIM STARTING ---
000.128  000.126: event init
000.215  000.087: early init
000.261  000.046: locale set
000.321  000.060: init first window
000.670  000.349: inits 1
000.677  000.007: window checked
000.680  000.003: parsing arguments
001.103  000.034  000.034: require('vim.shared')
001.181  000.032  000.032: require('vim.inspect')
001.221  000.034  000.034: require('vim._options')
001.225  000.120  000.054: require('vim._editor')
001.226  000.177  000.023: require('vim._init_packages')
001.228  000.370: init lua interpreter
003.144  001.917: nvim_ui_attach
003.374  000.230: nvim_set_client_info
003.376  000.002: --- NVIM STARTED ---

--- Startup times for process: Embedded ---

times in msec
 clock   self+sourced   self:  sourced script
 clock   elapsed:              other lines

000.002  000.002: --- NVIM STARTING ---
000.102  000.101: event init
000.167  000.065: early init
000.204  000.037: locale set
000.242  000.038: init first window
000.500  000.259: inits 1
000.509  000.009: window checked
000.511  000.002: parsing arguments
000.871  000.031  000.031: require('vim.shared')
000.944  000.029  000.029: require('vim.inspect')
000.984  000.033  000.033: require('vim._options')
000.987  000.114  000.051: require('vim._editor')
000.988  000.162  000.018: require('vim._init_packages')
000.989  000.317: init lua interpreter
001.037  000.048: expanding arguments
001.055  000.018: inits 2
001.270  000.215: init highlight
001.272  000.002: waiting for UI
001.366  000.094: done waiting for UI
001.368  000.003: clear screen
001.473  000.012  000.012: require('vim.keymap')
002.071  000.111  000.111: sourcing nvim_exec2()
002.179  000.808  000.685: require('vim._defaults')
002.181  000.004: init default mappings & autocommands
002.575  000.034  000.034: sourcing /home/douglas/.local/share/bob/v0.11.5/share/nvim/runtime/ftplugin.vim
002.632  000.016  000.016: sourcing /home/douglas/.local/share/bob/v0.11.5/share/nvim/runtime/indent.vim
004.089  000.024  000.024: require('vim.fs')
004.116  000.160  000.136: require('vim.lsp.log')
004.999  000.881  000.881: require('vim.lsp.protocol')
006.124  001.122  001.122: require('vim.lsp.util')
006.475  000.164  000.164: require('vim.lsp.sync')
006.479  000.352  000.188: require('vim.lsp._changetracking')
006.901  000.099  000.099: require('vim.lsp._transport')
006.912  000.431  000.332: require('vim.lsp.rpc')
006.932  003.903  000.956: require('vim.lsp')
007.038  000.091  000.091: require('lazy')
007.059  000.013  000.013: require('ffi')
007.152  000.077  000.077: require('vim.uri')
007.163  000.102  000.025: require('vim.loader')
007.241  000.066  000.066: require('lazy.stats')
007.308  000.050  000.050: require('lazy.core.util')
007.375  000.066  000.066: require('lazy.core.config')
007.472  000.036  000.036: require('lazy.core.handler')
007.614  000.044  000.044: require('lazy.pkg')
007.617  000.097  000.053: require('lazy.core.meta')
007.622  000.148  000.052: require('lazy.core.plugin')
007.628  000.251  000.066: require('lazy.core.loader')
007.800  000.050  000.050: require('lazy.core.fragments')
008.303  000.055  000.055: require('lazy.core.handler.keys')
008.538  000.231  000.231: require('lazy.core.handler.cmd')
008.670  000.053  000.053: require('lazy.core.handler.event')
008.672  000.103  000.050: require('lazy.core.handler.ft')
008.748  000.003  000.003: sourcing nvim_exec2() called at /home/douglas/.config/nvim/init.lua:0
008.758  000.001  000.001: sourcing nvim_exec2() called at /home/douglas/.config/nvim/init.lua:0
008.775  000.001  000.001: sourcing nvim_exec2() called at /home/douglas/.config/nvim/init.lua:0
008.785  000.001  000.001: sourcing nvim_exec2() called at /home/douglas/.config/nvim/init.lua:0
008.812  000.001  000.001: sourcing nvim_exec2() called at /home/douglas/.config/nvim/init.lua:0
008.819  000.001  000.001: sourcing nvim_exec2() called at /home/douglas/.config/nvim/init.lua:0
009.126  000.117  000.117: sourcing nvim_exec2() called at /home/douglas/.local/share/bob/v0.11.5/share/nvim/runtime/filetype.lua:0
009.129  000.176  000.060: sourcing /home/douglas/.local/share/bob/v0.11.5/share/nvim/runtime/filetype.lua
009.132  000.207  000.031: sourcing nvim_exec2() called at /home/douglas/.config/nvim/init.lua:0
009.197  000.002  000.002: sourcing nvim_exec2() called at /home/douglas/.config/nvim/init.lua:0
009.205  000.001  000.001: sourcing nvim_exec2() called at /home/douglas/.config/nvim/init.lua:0
009.522  000.020  000.020: sourcing /home/douglas/.local/share/nvim/lazy/nvim-web-devicons/plugin/nvim-web-devicons.vim
009.526  000.047  000.026: sourcing nvim_exec2() called at /home/douglas/.config/nvim/init.lua:0
009.531  000.001  000.001: sourcing nvim_exec2() called at /home/douglas/.config/nvim/init.lua:0
009.542  000.001  000.001: sourcing nvim_exec2() called at /home/douglas/.config/nvim/init.lua:0
009.549  000.001  000.001: sourcing nvim_exec2() called at /home/douglas/.config/nvim/init.lua:0
009.555  000.001  000.001: sourcing nvim_exec2() called at /home/douglas/.config/nvim/init.lua:0
010.165  000.099  000.099: require('lualine_require')
010.406  000.846  000.748: require('lualine')
010.629  000.007  000.007: sourcing nvim_exec2() called at /home/douglas/.config/nvim/init.lua:0
011.193  000.188  000.188: require('lualine.highlight')
011.646  000.006  000.006: sourcing nvim_exec2() called at /home/douglas/.config/nvim/init.lua:0
011.663  000.009  000.009: sourcing nvim_exec2() called at /home/douglas/.config/nvim/init.lua:0
011.671  000.002  000.002: sourcing nvim_exec2() called at /home/douglas/.config/nvim/init.lua:0
011.677  000.002  000.002: sourcing nvim_exec2() called at /home/douglas/.config/nvim/init.lua:0
011.684  000.002  000.002: sourcing nvim_exec2() called at /home/douglas/.config/nvim/init.lua:0
011.690  000.001  000.001: sourcing nvim_exec2() called at /home/douglas/.config/nvim/init.lua:0
011.696  000.002  000.002: sourcing nvim_exec2() called at /home/douglas/.config/nvim/init.lua:0
011.711  000.010  000.010: sourcing nvim_exec2() called at /home/douglas/.config/nvim/init.lua:0
011.716  000.001  000.001: sourcing nvim_exec2() called at /home/douglas/.config/nvim/init.lua:0
011.722  000.002  000.002: sourcing nvim_exec2() called at /home/douglas/.config/nvim/init.lua:0
011.728  000.002  000.002: sourcing nvim_exec2() called at /home/douglas/.config/nvim/init.lua:0
011.733  000.001  000.001: sourcing nvim_exec2() called at /home/douglas/.config/nvim/init.lua:0
011.738  000.001  000.001: sourcing nvim_exec2() called at /home/douglas/.config/nvim/init.lua:0
011.744  000.001  000.001: sourcing nvim_exec2() called at /home/douglas/.config/nvim/init.lua:0
011.749  000.001  000.001: sourcing nvim_exec2() called at /home/douglas/.config/nvim/init.lua:0
011.754  000.001  000.001: sourcing nvim_exec2() called at /home/douglas/.config/nvim/init.lua:0
011.759  000.002  000.002: sourcing nvim_exec2() called at /home/douglas/.config/nvim/init.lua:0
011.764  000.001  000.001: sourcing nvim_exec2() called at /home/douglas/.config/nvim/init.lua:0
011.769  000.001  000.001: sourcing nvim_exec2() called at /home/douglas/.config/nvim/init.lua:0
011.775  000.002  000.002: sourcing nvim_exec2() called at /home/douglas/.config/nvim/init.lua:0
011.780  000.001  000.001: sourcing nvim_exec2() called at /home/douglas/.config/nvim/init.lua:0
011.785  000.001  000.001: sourcing nvim_exec2() called at /home/douglas/.config/nvim/init.lua:0
011.794  000.006  000.006: sourcing nvim_exec2() called at /home/douglas/.config/nvim/init.lua:0
012.755  000.056  000.056: sourcing nvim_exec2() called at /home/douglas/.config/nvim/init.lua:0
012.764  000.004  000.004: sourcing nvim_exec2() called at /home/douglas/.config/nvim/init.lua:0
012.982  000.005  000.005: sourcing nvim_exec2() called at /home/douglas/.config/nvim/init.lua:0
012.990  000.002  000.002: sourcing nvim_exec2() called at /home/douglas/.config/nvim/init.lua:0
012.996  000.002  000.002: sourcing nvim_exec2() called at /home/douglas/.config/nvim/init.lua:0
013.001  000.001  000.001: sourcing nvim_exec2() called at /home/douglas/.config/nvim/init.lua:0
013.006  000.001  000.001: sourcing nvim_exec2() called at /home/douglas/.config/nvim/init.lua:0
013.011  000.001  000.001: sourcing nvim_exec2() called at /home/douglas/.config/nvim/init.lua:0
013.016  000.001  000.001: sourcing nvim_exec2() called at /home/douglas/.config/nvim/init.lua:0
013.023  000.001  000.001: sourcing nvim_exec2() called at /home/douglas/.config/nvim/init.lua:0
013.029  000.002  000.002: sourcing nvim_exec2() called at /home/douglas/.config/nvim/init.lua:0
013.034  000.001  000.001: sourcing nvim_exec2() called at /home/douglas/.config/nvim/init.lua:0
013.039  000.001  000.001: sourcing nvim_exec2() called at /home/douglas/.config/nvim/init.lua:0
013.066  000.002  000.002: sourcing nvim_exec2() called at /home/douglas/.config/nvim/init.lua:0
013.105  000.004  000.004: sourcing nvim_exec2() called at /home/douglas/.config/nvim/init.lua:0
013.112  000.002  000.002: sourcing nvim_exec2() called at /home/douglas/.config/nvim/init.lua:0
013.119  000.002  000.002: sourcing nvim_exec2() called at /home/douglas/.config/nvim/init.lua:0
013.124  000.001  000.001: sourcing nvim_exec2() called at /home/douglas/.config/nvim/init.lua:0
013.129  000.001  000.001: sourcing nvim_exec2() called at /home/douglas/.config/nvim/init.lua:0
013.134  000.001  000.001: sourcing nvim_exec2() called at /home/douglas/.config/nvim/init.lua:0
013.156  000.001  000.001: sourcing nvim_exec2() called at /home/douglas/.config/nvim/init.lua:0
013.161  000.001  000.001: sourcing nvim_exec2() called at /home/douglas/.config/nvim/init.lua:0
013.166  000.002  000.002: sourcing nvim_exec2() called at /home/douglas/.config/nvim/init.lua:0
013.267  000.007  000.007: sourcing nvim_exec2() called at /home/douglas/.config/nvim/init.lua:0
013.274  000.002  000.002: sourcing nvim_exec2() called at /home/douglas/.config/nvim/init.lua:0
013.278  000.002  000.002: sourcing nvim_exec2() called at /home/douglas/.config/nvim/init.lua:0
013.283  000.003  000.003: sourcing nvim_exec2() called at /home/douglas/.config/nvim/init.lua:0
013.657  000.005  000.005: sourcing nvim_exec2() called at /home/douglas/.config/nvim/init.lua:0
013.666  000.002  000.002: sourcing nvim_exec2() called at /home/douglas/.config/nvim/init.lua:0
013.682  000.002  000.002: sourcing nvim_exec2() called at /home/douglas/.config/nvim/init.lua:0
013.688  000.002  000.002: sourcing nvim_exec2() called at /home/douglas/.config/nvim/init.lua:0
013.694  000.002  000.002: sourcing nvim_exec2() called at /home/douglas/.config/nvim/init.lua:0
013.700  000.002  000.002: sourcing nvim_exec2() called at /home/douglas/.config/nvim/init.lua:0
013.706  000.002  000.002: sourcing nvim_exec2() called at /home/douglas/.config/nvim/init.lua:0
013.734  000.003  000.003: sourcing nvim_exec2() called at /home/douglas/.config/nvim/init.lua:0
013.742  000.002  000.002: sourcing nvim_exec2() called at /home/douglas/.config/nvim/init.lua:0
013.748  000.002  000.002: sourcing nvim_exec2() called at /home/douglas/.config/nvim/init.lua:0
013.754  000.002  000.002: sourcing nvim_exec2() called at /home/douglas/.config/nvim/init.lua:0
013.760  000.002  000.002: sourcing nvim_exec2() called at /home/douglas/.config/nvim/init.lua:0
013.766  000.002  000.002: sourcing nvim_exec2() called at /home/douglas/.config/nvim/init.lua:0
013.771  000.002  000.002: sourcing nvim_exec2() called at /home/douglas/.config/nvim/init.lua:0
013.780  000.002  000.002: sourcing nvim_exec2() called at /home/douglas/.config/nvim/init.lua:0
013.786  000.002  000.002: sourcing nvim_exec2() called at /home/douglas/.config/nvim/init.lua:0
013.792  000.002  000.002: sourcing nvim_exec2() called at /home/douglas/.config/nvim/init.lua:0
013.798  000.002  000.002: sourcing nvim_exec2() called at /home/douglas/.config/nvim/init.lua:0
013.804  000.002  000.002: sourcing nvim_exec2() called at /home/douglas/.config/nvim/init.lua:0
013.810  000.002  000.002: sourcing nvim_exec2() called at /home/douglas/.config/nvim/init.lua:0
013.885  000.071  000.071: sourcing nvim_exec2() called at /home/douglas/.config/nvim/init.lua:0
013.895  000.003  000.003: sourcing nvim_exec2() called at /home/douglas/.config/nvim/init.lua:0
013.924  000.002  000.002: sourcing nvim_exec2() called at /home/douglas/.config/nvim/init.lua:0
013.930  000.002  000.002: sourcing nvim_exec2() called at /home/douglas/.config/nvim/init.lua:0
013.937  000.002  000.002: sourcing nvim_exec2() called at /home/douglas/.config/nvim/init.lua:0
013.943  000.002  000.002: sourcing nvim_exec2() called at /home/douglas/.config/nvim/init.lua:0
013.949  000.002  000.002: sourcing nvim_exec2() called at /home/douglas/.config/nvim/init.lua:0
013.955  000.002  000.002: sourcing nvim_exec2() called at /home/douglas/.config/nvim/init.lua:0
014.274  000.090  000.090: require('lualine.utils.mode')
014.424  000.010  000.010: sourcing nvim_exec2() called at /home/douglas/.config/nvim/init.lua:0
014.446  000.005  000.005: sourcing nvim_exec2() called at /home/douglas/.config/nvim/init.lua:0
014.465  000.015  000.015: sourcing nvim_exec2() called at /home/douglas/.config/nvim/init.lua:0
014.475  000.006  000.006: sourcing nvim_exec2() called at /home/douglas/.config/nvim/init.lua:0
014.482  000.004  000.004: sourcing nvim_exec2() called at /home/douglas/.config/nvim/init.lua:0
015.212  000.052  000.052: require('vim.treesitter.language')
015.258  000.042  000.042: require('vim.func')
015.314  000.045  000.045: require('vim.func._memoize')
015.337  000.283  000.143: require('vim.treesitter.query')
015.391  000.052  000.052: require('vim.treesitter._range')
015.406  000.530  000.194: require('vim.treesitter.languagetree')
015.412  000.745  000.215: require('vim.treesitter')
015.564  000.979  000.234: sourcing /home/douglas/.local/share/nvim/lazy/nvim-treesitter/plugin/filetypes.lua
015.569  001.015  000.036: sourcing nvim_exec2() called at /home/douglas/.config/nvim/init.lua:0
015.689  000.080  000.080: sourcing /home/douglas/.local/share/nvim/lazy/nvim-treesitter/plugin/nvim-treesitter.lua
015.693  000.115  000.035: sourcing nvim_exec2() called at /home/douglas/.config/nvim/init.lua:0
015.766  000.037  000.037: sourcing /home/douglas/.local/share/nvim/lazy/nvim-treesitter/plugin/query_predicates.lua
015.770  000.069  000.033: sourcing nvim_exec2() called at /home/douglas/.config/nvim/init.lua:0
015.776  000.002  000.002: sourcing nvim_exec2() called at /home/douglas/.config/nvim/init.lua:0
015.788  000.001  000.001: sourcing nvim_exec2() called at /home/douglas/.config/nvim/init.lua:0
016.403  000.027  000.027: sourcing /home/douglas/.local/share/nvim/lazy/plenary.nvim/plugin/plenary.vim
016.408  000.062  000.035: sourcing nvim_exec2() called at /home/douglas/.config/nvim/init.lua:0
016.414  000.002  000.002: sourcing nvim_exec2() called at /home/douglas/.config/nvim/init.lua:0
016.423  000.001  000.001: sourcing nvim_exec2() called at /home/douglas/.config/nvim/init.lua:0
016.711  000.236  000.236: sourcing /home/douglas/.local/share/nvim/lazy/telescope.nvim/plugin/telescope.lua
016.717  000.269  000.033: sourcing nvim_exec2() called at /home/douglas/.config/nvim/init.lua:0
016.725  000.003  000.003: sourcing nvim_exec2() called at /home/douglas/.config/nvim/init.lua:0
016.735  000.001  000.001: sourcing nvim_exec2() called at /home/douglas/.config/nvim/init.lua:0
017.129  000.003  000.003: sourcing nvim_exec2() called at /home/douglas/.config/nvim/init.lua:0
017.137  000.001  000.001: sourcing nvim_exec2() called at /home/douglas/.config/nvim/init.lua:0
017.555  000.057  000.057: require('mason-core.path')
017.776  000.043  000.043: require('mason-core.functional.data')
017.839  000.058  000.058: require('mason-core.functional.function')
017.912  000.067  000.067: require('mason-core.functional.list')
017.985  000.066  000.066: require('mason-core.functional.relation')
018.064  000.076  000.076: require('mason-core.functional.logic')
018.123  000.055  000.055: require('mason-core.functional.number')
018.189  000.060  000.060: require('mason-core.functional.string')
018.266  000.073  000.073: require('mason-core.functional.table')
018.332  000.063  000.063: require('mason-core.functional.type')
018.336  000.706  000.145: require('mason-core.functional')
018.369  000.811  000.105: require('mason-core.platform')
018.461  000.090  000.090: require('mason.settings')
018.467  001.006  000.048: require('mason-core.installer.InstallLocation')
018.648  000.082  000.082: require('mason-core.log')
018.651  000.130  000.048: require('mason-core.EventEmitter')
018.724  000.072  000.072: require('mason-registry.sources')
018.731  000.263  000.061: require('mason-registry')
018.733  001.521  000.252: require('mason')
019.194  000.114  000.114: require('mason.api.command')
020.052  000.685  000.685: require('lspconfig.util')
020.073  000.797  000.113: sourcing /home/douglas/.local/share/nvim/lazy/nvim-lspconfig/plugin/lspconfig.lua
020.076  000.825  000.028: sourcing nvim_exec2() called at /home/douglas/.config/nvim/init.lua:0
020.110  000.002  000.002: sourcing nvim_exec2() called at /home/douglas/.config/nvim/init.lua:0
020.123  000.001  000.001: sourcing nvim_exec2() called at /home/douglas/.config/nvim/init.lua:0
020.135  000.001  000.001: sourcing nvim_exec2() called at /home/douglas/.config/nvim/init.lua:0
020.148  000.001  000.001: sourcing nvim_exec2() called at /home/douglas/.config/nvim/init.lua:0
020.353  000.097  000.097: require('mason-lspconfig.settings')
020.357  000.194  000.097: require('mason-lspconfig')
020.480  000.090  000.090: require('mason-core.async')
020.538  000.028  000.028: require('mason-core.async.control')
020.567  000.027  000.027: require('mason-core.result')
020.618  000.022  000.022: require('mason-core.async.uv')
020.622  000.054  000.033: require('mason-core.fs')
020.646  000.164  000.054: require('mason-registry.installer')
020.753  000.043  000.043: require('mason-core.optional')
020.897  000.087  000.087: require('mason-core.process')
020.933  000.035  000.035: require('mason-core.spawn')
020.936  000.151  000.030: require('mason-core.installer.managers.powershell')
020.960  000.023  000.023: require('mason.version')
020.962  000.206  000.032: require('mason-core.fetch')
020.986  000.023  000.023: require('mason-core.providers')
021.134  000.063  000.063: require('mason-core.purl')
021.139  000.099  000.036: require('mason-core.package.AbstractPackage')
021.288  000.032  000.032: require('mason-core.installer.compiler.expr')
021.294  000.073  000.042: require('mason-core.installer.compiler.link')
021.445  000.024  000.024: require('mason-core.installer.context.InstallContextCwd')
021.472  000.026  000.026: require('mason-core.installer.context.InstallContextFs')
021.497  000.023  000.023: require('mason-core.installer.context.InstallContextSpawn')
021.526  000.027  000.027: require('mason-core.receipt')
021.537  000.150  000.050: require('mason-core.installer.context')
021.538  000.178  000.028: require('mason-core.installer')
021.546  000.225  000.047: require('mason-core.installer.managers.std')
021.548  000.253  000.028: require('mason-core.installer.compiler.schemas')
021.575  000.027  000.027: require('mason-core.installer.compiler.util')
021.581  000.406  000.054: require('mason-core.installer.compiler')
021.611  000.029  000.029: require('mason-core.installer.linker')
021.614  000.473  000.038: require('mason-core.installer.InstallRunner')
021.641  000.026  000.026: require('mason-core.installer.UninstallRunner')
021.645  000.635  000.037: require('mason-core.package')
021.647  000.659  000.024: require('mason-registry.sources.util')
021.651  000.974  000.043: require('mason-registry.sources.github')
024.877  000.004  000.004: require('vim.F')
024.931  000.024  000.024: require('mason-lspconfig.mappings')
024.933  000.054  000.030: require('mason-lspconfig.features.automatic_enable')
030.951  000.023  000.023: require('mason-lspconfig.notify')
030.966  000.081  000.058: require('mason-lspconfig.api.command')
031.238  000.004  000.004: sourcing nvim_exec2() called at /home/douglas/.config/nvim/init.lua:0
031.246  000.001  000.001: sourcing nvim_exec2() called at /home/douglas/.config/nvim/init.lua:0
031.351  000.049  000.049: sourcing /home/douglas/.local/share/nvim/lazy/neo-tree.nvim/plugin/neo-tree.lua
031.355  000.078  000.028: sourcing nvim_exec2() called at /home/douglas/.config/nvim/init.lua:0
031.359  000.001  000.001: sourcing nvim_exec2() called at /home/douglas/.config/nvim/init.lua:0
031.374  000.001  000.001: sourcing nvim_exec2() called at /home/douglas/.config/nvim/init.lua:0
031.559  000.182  000.182: require('neo-tree')
031.645  000.084  000.084: require('neo-tree.log')
031.802  000.035  000.035: sourcing /home/douglas/.local/share/bob/v0.11.5/share/nvim/runtime/plugin/editorconfig.lua
031.806  000.066  000.031: sourcing nvim_exec2() called at /home/douglas/.config/nvim/init.lua:0
031.967  000.131  000.131: sourcing /home/douglas/.local/share/bob/v0.11.5/share/nvim/runtime/plugin/gzip.vim
031.970  000.160  000.029: sourcing nvim_exec2() called at /home/douglas/.config/nvim/init.lua:0
032.037  000.037  000.037: sourcing /home/douglas/.local/share/bob/v0.11.5/share/nvim/runtime/plugin/man.lua
032.040  000.066  000.029: sourcing nvim_exec2() called at /home/douglas/.config/nvim/init.lua:0
032.546  000.122  000.122: sourcing /home/douglas/.local/share/bob/v0.11.5/share/nvim/runtime/pack/dist/opt/matchit/plugin/matchit.vim
032.562  000.490  000.368: sourcing /home/douglas/.local/share/bob/v0.11.5/share/nvim/runtime/plugin/matchit.vim
032.564  000.519  000.029: sourcing nvim_exec2() called at /home/douglas/.config/nvim/init.lua:0
032.680  000.086  000.086: sourcing /home/douglas/.local/share/bob/v0.11.5/share/nvim/runtime/plugin/matchparen.vim
032.683  000.113  000.028: sourcing nvim_exec2() called at /home/douglas/.config/nvim/init.lua:0
033.198  000.171  000.171: sourcing /home/douglas/.local/share/bob/v0.11.5/share/nvim/runtime/pack/dist/opt/netrw/plugin/netrwPlugin.vim
033.214  000.500  000.329: sourcing /home/douglas/.local/share/bob/v0.11.5/share/nvim/runtime/plugin/netrwPlugin.vim
033.216  000.530  000.030: sourcing nvim_exec2() called at /home/douglas/.config/nvim/init.lua:0
033.321  000.043  000.043: sourcing /home/douglas/.local/share/bob/v0.11.5/share/nvim/runtime/plugin/osc52.lua
033.325  000.078  000.035: sourcing nvim_exec2() called at /home/douglas/.config/nvim/init.lua:0
033.467  000.100  000.100: sourcing /home/douglas/.local/share/bob/v0.11.5/share/nvim/runtime/plugin/rplugin.vim
033.471  000.136  000.037: sourcing nvim_exec2() called at /home/douglas/.config/nvim/init.lua:0
033.588  000.038  000.038: sourcing /home/douglas/.local/share/bob/v0.11.5/share/nvim/runtime/plugin/shada.vim
033.591  000.075  000.037: sourcing nvim_exec2() called at /home/douglas/.config/nvim/init.lua:0
033.639  000.012  000.012: sourcing /home/douglas/.local/share/bob/v0.11.5/share/nvim/runtime/plugin/spellfile.vim
033.642  000.047  000.036: sourcing nvim_exec2() called at /home/douglas/.config/nvim/init.lua:0
033.733  000.059  000.059: sourcing /home/douglas/.local/share/bob/v0.11.5/share/nvim/runtime/plugin/tarPlugin.vim
033.736  000.092  000.033: sourcing nvim_exec2() called at /home/douglas/.config/nvim/init.lua:0
033.810  000.033  000.033: sourcing /home/douglas/.local/share/bob/v0.11.5/share/nvim/runtime/plugin/tohtml.lua
033.813  000.071  000.038: sourcing nvim_exec2() called at /home/douglas/.config/nvim/init.lua:0
033.859  000.012  000.012: sourcing /home/douglas/.local/share/bob/v0.11.5/share/nvim/runtime/plugin/tutor.vim
033.861  000.045  000.032: sourcing nvim_exec2() called at /home/douglas/.config/nvim/init.lua:0
033.987  000.093  000.093: sourcing /home/douglas/.local/share/bob/v0.11.5/share/nvim/runtime/plugin/zipPlugin.vim
033.990  000.125  000.031: sourcing nvim_exec2() called at /home/douglas/.config/nvim/init.lua:0
034.336  000.011  000.011: sourcing nvim_exec2() called at /home/douglas/.config/nvim/init.lua:0
035.010  000.005  000.005: sourcing nvim_exec2() called at /home/douglas/.config/nvim/init.lua:0
035.015  000.002  000.002: sourcing nvim_exec2() called at /home/douglas/.config/nvim/init.lua:0
035.036  000.001  000.001: sourcing nvim_exec2() called at /home/douglas/.config/nvim/init.lua:0
035.039  000.001  000.001: sourcing nvim_exec2() called at /home/douglas/.config/nvim/init.lua:0
035.052  000.001  000.001: sourcing nvim_exec2() called at /home/douglas/.config/nvim/init.lua:0
035.054  000.001  000.001: sourcing nvim_exec2() called at /home/douglas/.config/nvim/init.lua:0
035.057  000.001  000.001: sourcing nvim_exec2() called at /home/douglas/.config/nvim/init.lua:0
035.059  000.001  000.001: sourcing nvim_exec2() called at /home/douglas/.config/nvim/init.lua:0
035.062  000.001  000.001: sourcing nvim_exec2() called at /home/douglas/.config/nvim/init.lua:0
035.064  000.001  000.001: sourcing nvim_exec2() called at /home/douglas/.config/nvim/init.lua:0
035.066  000.001  000.001: sourcing nvim_exec2() called at /home/douglas/.config/nvim/init.lua:0
035.069  000.001  000.001: sourcing nvim_exec2() called at /home/douglas/.config/nvim/init.lua:0
035.098  000.008  000.008: sourcing nvim_exec2() called at /home/douglas/.config/nvim/init.lua:0
035.101  000.001  000.001: sourcing nvim_exec2() called at /home/douglas/.config/nvim/init.lua:0
035.103  000.001  000.001: sourcing nvim_exec2() called at /home/douglas/.config/nvim/init.lua:0
035.106  000.001  000.001: sourcing nvim_exec2() called at /home/douglas/.config/nvim/init.lua:0
035.108  000.001  000.001: sourcing nvim_exec2() called at /home/douglas/.config/nvim/init.lua:0
035.110  000.001  000.001: sourcing nvim_exec2() called at /home/douglas/.config/nvim/init.lua:0
035.113  000.001  000.001: sourcing nvim_exec2() called at /home/douglas/.config/nvim/init.lua:0
035.115  000.001  000.001: sourcing nvim_exec2() called at /home/douglas/.config/nvim/init.lua:0
035.117  000.001  000.001: sourcing nvim_exec2() called at /home/douglas/.config/nvim/init.lua:0
035.119  000.001  000.001: sourcing nvim_exec2() called at /home/douglas/.config/nvim/init.lua:0
035.124  000.001  000.001: sourcing nvim_exec2() called at /home/douglas/.config/nvim/init.lua:0
035.126  000.001  000.001: sourcing nvim_exec2() called at /home/douglas/.config/nvim/init.lua:0
035.128  000.001  000.001: sourcing nvim_exec2() called at /home/douglas/.config/nvim/init.lua:0
035.131  000.001  000.001: sourcing nvim_exec2() called at /home/douglas/.config/nvim/init.lua:0
035.133  000.001  000.001: sourcing nvim_exec2() called at /home/douglas/.config/nvim/init.lua:0
035.135  000.001  000.001: sourcing nvim_exec2() called at /home/douglas/.config/nvim/init.lua:0
035.137  000.001  000.001: sourcing nvim_exec2() called at /home/douglas/.config/nvim/init.lua:0
035.139  000.001  000.001: sourcing nvim_exec2() called at /home/douglas/.config/nvim/init.lua:0
035.142  000.001  000.001: sourcing nvim_exec2() called at /home/douglas/.config/nvim/init.lua:0
035.144  000.001  000.001: sourcing nvim_exec2() called at /home/douglas/.config/nvim/init.lua:0
035.146  000.001  000.001: sourcing nvim_exec2() called at /home/douglas/.config/nvim/init.lua:0
035.148  000.001  000.001: sourcing nvim_exec2() called at /home/douglas/.config/nvim/init.lua:0
035.151  000.001  000.001: sourcing nvim_exec2() called at /home/douglas/.config/nvim/init.lua:0
035.153  000.001  000.001: sourcing nvim_exec2() called at /home/douglas/.config/nvim/init.lua:0
035.155  000.001  000.001: sourcing nvim_exec2() called at /home/douglas/.config/nvim/init.lua:0
035.157  000.001  000.001: sourcing nvim_exec2() called at /home/douglas/.config/nvim/init.lua:0
035.160  000.001  000.001: sourcing nvim_exec2() called at /home/douglas/.config/nvim/init.lua:0
035.162  000.001  000.001: sourcing nvim_exec2() called at /home/douglas/.config/nvim/init.lua:0
035.166  000.001  000.001: sourcing nvim_exec2() called at /home/douglas/.config/nvim/init.lua:0
035.168  000.001  000.001: sourcing nvim_exec2() called at /home/douglas/.config/nvim/init.lua:0
035.170  000.001  000.001: sourcing nvim_exec2() called at /home/douglas/.config/nvim/init.lua:0
035.172  000.001  000.001: sourcing nvim_exec2() called at /home/douglas/.config/nvim/init.lua:0
035.174  000.001  000.001: sourcing nvim_exec2() called at /home/douglas/.config/nvim/init.lua:0
035.176  000.001  000.001: sourcing nvim_exec2() called at /home/douglas/.config/nvim/init.lua:0
035.179  000.001  000.001: sourcing nvim_exec2() called at /home/douglas/.config/nvim/init.lua:0
035.181  000.001  000.001: sourcing nvim_exec2() called at /home/douglas/.config/nvim/init.lua:0
035.183  000.001  000.001: sourcing nvim_exec2() called at /home/douglas/.config/nvim/init.lua:0
035.186  000.001  000.001: sourcing nvim_exec2() called at /home/douglas/.config/nvim/init.lua:0
035.188  000.001  000.001: sourcing nvim_exec2() called at /home/douglas/.config/nvim/init.lua:0
035.190  000.001  000.001: sourcing nvim_exec2() called at /home/douglas/.config/nvim/init.lua:0
035.192  000.001  000.001: sourcing nvim_exec2() called at /home/douglas/.config/nvim/init.lua:0
035.194  000.001  000.001: sourcing nvim_exec2() called at /home/douglas/.config/nvim/init.lua:0
035.197  000.001  000.001: sourcing nvim_exec2() called at /home/douglas/.config/nvim/init.lua:0
035.199  000.001  000.001: sourcing nvim_exec2() called at /home/douglas/.config/nvim/init.lua:0
035.201  000.001  000.001: sourcing nvim_exec2() called at /home/douglas/.config/nvim/init.lua:0
035.204  000.001  000.001: sourcing nvim_exec2() called at /home/douglas/.config/nvim/init.lua:0
035.206  000.001  000.001: sourcing nvim_exec2() called at /home/douglas/.config/nvim/init.lua:0
035.210  000.001  000.001: sourcing nvim_exec2() called at /home/douglas/.config/nvim/init.lua:0
035.213  000.001  000.001: sourcing nvim_exec2() called at /home/douglas/.config/nvim/init.lua:0
035.215  000.001  000.001: sourcing nvim_exec2() called at /home/douglas/.config/nvim/init.lua:0
035.217  000.001  000.001: sourcing nvim_exec2() called at /home/douglas/.config/nvim/init.lua:0
035.219  000.001  000.001: sourcing nvim_exec2() called at /home/douglas/.config/nvim/init.lua:0
035.222  000.001  000.001: sourcing nvim_exec2() called at /home/douglas/.config/nvim/init.lua:0
035.224  000.001  000.001: sourcing nvim_exec2() called at /home/douglas/.config/nvim/init.lua:0
035.226  000.001  000.001: sourcing nvim_exec2() called at /home/douglas/.config/nvim/init.lua:0
035.228  000.001  000.001: sourcing nvim_exec2() called at /home/douglas/.config/nvim/init.lua:0
035.230  000.001  000.001: sourcing nvim_exec2() called at /home/douglas/.config/nvim/init.lua:0
035.233  000.001  000.001: sourcing nvim_exec2() called at /home/douglas/.config/nvim/init.lua:0
035.235  000.001  000.001: sourcing nvim_exec2() called at /home/douglas/.config/nvim/init.lua:0
035.245  000.003  000.003: sourcing nvim_exec2() called at /home/douglas/.config/nvim/init.lua:0
035.255  000.002  000.002: sourcing nvim_exec2() called at /home/douglas/.config/nvim/init.lua:0
035.260  000.001  000.001: sourcing nvim_exec2() called at /home/douglas/.config/nvim/init.lua:0
035.267  000.001  000.001: sourcing nvim_exec2() called at /home/douglas/.config/nvim/init.lua:0
035.277  000.002  000.002: sourcing nvim_exec2() called at /home/douglas/.config/nvim/init.lua:0
035.282  000.001  000.001: sourcing nvim_exec2() called at /home/douglas/.config/nvim/init.lua:0
035.288  000.001  000.001: sourcing nvim_exec2() called at /home/douglas/.config/nvim/init.lua:0
035.294  000.001  000.001: sourcing nvim_exec2() called at /home/douglas/.config/nvim/init.lua:0
035.300  000.001  000.001: sourcing nvim_exec2() called at /home/douglas/.config/nvim/init.lua:0
035.305  000.001  000.001: sourcing nvim_exec2() called at /home/douglas/.config/nvim/init.lua:0
035.310  000.001  000.001: sourcing nvim_exec2() called at /home/douglas/.config/nvim/init.lua:0
035.316  000.001  000.001: sourcing nvim_exec2() called at /home/douglas/.config/nvim/init.lua:0
035.320  000.001  000.001: sourcing nvim_exec2() called at /home/douglas/.config/nvim/init.lua:0
035.327  000.001  000.001: sourcing nvim_exec2() called at /home/douglas/.config/nvim/init.lua:0
035.331  000.001  000.001: sourcing nvim_exec2() called at /home/douglas/.config/nvim/init.lua:0
035.336  000.001  000.001: sourcing nvim_exec2() called at /home/douglas/.config/nvim/init.lua:0
035.342  000.001  000.001: sourcing nvim_exec2() called at /home/douglas/.config/nvim/init.lua:0
035.347  000.001  000.001: sourcing nvim_exec2() called at /home/douglas/.config/nvim/init.lua:0
035.353  000.001  000.001: sourcing nvim_exec2() called at /home/douglas/.config/nvim/init.lua:0
035.358  000.002  000.002: sourcing nvim_exec2() called at /home/douglas/.config/nvim/init.lua:0
035.364  000.002  000.002: sourcing nvim_exec2() called at /home/douglas/.config/nvim/init.lua:0
035.371  000.001  000.001: sourcing nvim_exec2() called at /home/douglas/.config/nvim/init.lua:0
035.379  000.007  000.007: sourcing nvim_exec2() called at /home/douglas/.config/nvim/init.lua:0
035.460  000.004  000.004: sourcing nvim_exec2() called at /home/douglas/.config/nvim/init.lua:0
035.469  000.002  000.002: sourcing nvim_exec2() called at /home/douglas/.config/nvim/init.lua:0
035.485  000.001  000.001: sourcing nvim_exec2() called at /home/douglas/.config/nvim/init.lua:0
035.492  000.001  000.001: sourcing nvim_exec2() called at /home/douglas/.config/nvim/init.lua:0
035.497  000.001  000.001: sourcing nvim_exec2() called at /home/douglas/.config/nvim/init.lua:0
035.504  000.002  000.002: sourcing nvim_exec2() called at /home/douglas/.config/nvim/init.lua:0
035.509  000.001  000.001: sourcing nvim_exec2() called at /home/douglas/.config/nvim/init.lua:0
035.582  000.004  000.004: sourcing nvim_exec2() called at /home/douglas/.config/nvim/init.lua:0
035.588  000.003  000.003: sourcing nvim_exec2() called at /home/douglas/.config/nvim/init.lua:0
035.699  000.003  000.003: sourcing nvim_exec2() called at /home/douglas/.config/nvim/init.lua:0
035.707  000.001  000.001: sourcing nvim_exec2() called at /home/douglas/.config/nvim/init.lua:0
035.712  000.001  000.001: sourcing nvim_exec2() called at /home/douglas/.config/nvim/init.lua:0
035.717  000.001  000.001: sourcing nvim_exec2() called at /home/douglas/.config/nvim/init.lua:0
035.723  000.001  000.001: sourcing nvim_exec2() called at /home/douglas/.config/nvim/init.lua:0
035.727  000.001  000.001: sourcing nvim_exec2() called at /home/douglas/.config/nvim/init.lua:0
035.733  000.001  000.001: sourcing nvim_exec2() called at /home/douglas/.config/nvim/init.lua:0
035.739  000.001  000.001: sourcing nvim_exec2() called at /home/douglas/.config/nvim/init.lua:0
035.745  000.001  000.001: sourcing nvim_exec2() called at /home/douglas/.config/nvim/init.lua:0
035.750  000.001  000.001: sourcing nvim_exec2() called at /home/douglas/.config/nvim/init.lua:0
035.754  000.001  000.001: sourcing nvim_exec2() called at /home/douglas/.config/nvim/init.lua:0
035.760  000.001  000.001: sourcing nvim_exec2() called at /home/douglas/.config/nvim/init.lua:0
035.765  000.001  000.001: sourcing nvim_exec2() called at /home/douglas/.config/nvim/init.lua:0
035.769  000.001  000.001: sourcing nvim_exec2() called at /home/douglas/.config/nvim/init.lua:0
035.777  000.001  000.001: sourcing nvim_exec2() called at /home/douglas/.config/nvim/init.lua:0
035.781  000.001  000.001: sourcing nvim_exec2() called at /home/douglas/.config/nvim/init.lua:0
035.787  000.001  000.001: sourcing nvim_exec2() called at /home/douglas/.config/nvim/init.lua:0
035.801  000.001  000.001: sourcing nvim_exec2() called at /home/douglas/.config/nvim/init.lua:0
035.806  000.001  000.001: sourcing nvim_exec2() called at /home/douglas/.config/nvim/init.lua:0
035.816  000.001  000.001: sourcing nvim_exec2() called at /home/douglas/.config/nvim/init.lua:0
035.821  000.001  000.001: sourcing nvim_exec2() called at /home/douglas/.config/nvim/init.lua:0
035.828  000.004  000.004: sourcing nvim_exec2() called at /home/douglas/.config/nvim/init.lua:0
035.832  000.001  000.001: sourcing nvim_exec2() called at /home/douglas/.config/nvim/init.lua:0
035.837  000.001  000.001: sourcing nvim_exec2() called at /home/douglas/.config/nvim/init.lua:0
035.842  000.003  000.003: sourcing nvim_exec2() called at /home/douglas/.config/nvim/init.lua:0
035.897  000.003  000.003: sourcing nvim_exec2() called at /home/douglas/.config/nvim/init.lua:0
035.905  000.001  000.001: sourcing nvim_exec2() called at /home/douglas/.config/nvim/init.lua:0
035.909  000.001  000.001: sourcing nvim_exec2() called at /home/douglas/.config/nvim/init.lua:0
035.916  000.001  000.001: sourcing nvim_exec2() called at /home/douglas/.config/nvim/init.lua:0
035.920  000.001  000.001: sourcing nvim_exec2() called at /home/douglas/.config/nvim/init.lua:0
035.924  000.001  000.001: sourcing nvim_exec2() called at /home/douglas/.config/nvim/init.lua:0
035.931  000.001  000.001: sourcing nvim_exec2() called at /home/douglas/.config/nvim/init.lua:0
035.941  000.001  000.001: sourcing nvim_exec2() called at /home/douglas/.config/nvim/init.lua:0
035.949  000.001  000.001: sourcing nvim_exec2() called at /home/douglas/.config/nvim/init.lua:0
035.956  000.001  000.001: sourcing nvim_exec2() called at /home/douglas/.config/nvim/init.lua:0
035.960  000.001  000.001: sourcing nvim_exec2() called at /home/douglas/.config/nvim/init.lua:0
035.980  000.002  000.002: sourcing nvim_exec2() called at /home/douglas/.config/nvim/init.lua:0
035.986  000.001  000.001: sourcing nvim_exec2() called at /home/douglas/.config/nvim/init.lua:0
036.011  000.001  000.001: sourcing nvim_exec2() called at /home/douglas/.config/nvim/init.lua:0
036.020  000.001  000.001: sourcing nvim_exec2() called at /home/douglas/.config/nvim/init.lua:0
036.024  000.001  000.001: sourcing nvim_exec2() called at /home/douglas/.config/nvim/init.lua:0
036.031  000.001  000.001: sourcing nvim_exec2() called at /home/douglas/.config/nvim/init.lua:0
036.035  000.001  000.001: sourcing nvim_exec2() called at /home/douglas/.config/nvim/init.lua:0
036.091  000.002  000.002: sourcing nvim_exec2() called at /home/douglas/.config/nvim/init.lua:0
036.104  000.001  000.001: sourcing nvim_exec2() called at /home/douglas/.config/nvim/init.lua:0
036.111  000.001  000.001: sourcing nvim_exec2() called at /home/douglas/.config/nvim/init.lua:0
036.117  000.001  000.001: sourcing nvim_exec2() called at /home/douglas/.config/nvim/init.lua:0
036.123  000.001  000.001: sourcing nvim_exec2() called at /home/douglas/.config/nvim/init.lua:0
036.127  000.001  000.001: sourcing nvim_exec2() called at /home/douglas/.config/nvim/init.lua:0
036.131  000.001  000.001: sourcing nvim_exec2() called at /home/douglas/.config/nvim/init.lua:0
036.137  000.001  000.001: sourcing nvim_exec2() called at /home/douglas/.config/nvim/init.lua:0
036.141  000.001  000.001: sourcing nvim_exec2() called at /home/douglas/.config/nvim/init.lua:0
036.147  000.001  000.001: sourcing nvim_exec2() called at /home/douglas/.config/nvim/init.lua:0
036.210  000.014  000.014: sourcing nvim_exec2() called at /home/douglas/.config/nvim/init.lua:0
036.228  000.003  000.003: sourcing nvim_exec2() called at /home/douglas/.config/nvim/init.lua:0
036.240  000.009  000.009: sourcing nvim_exec2() called at /home/douglas/.config/nvim/init.lua:0
036.246  000.004  000.004: sourcing nvim_exec2() called at /home/douglas/.config/nvim/init.lua:0
036.251  000.003  000.003: sourcing nvim_exec2() called at /home/douglas/.config/nvim/init.lua:0
036.518  000.253  000.253: require('vim.diagnostic')
037.248  000.091  000.091: require('catppuccin')
037.312  000.035  000.035: require('catppuccin.lib.hashing')
038.357  001.211  001.085: sourcing /home/douglas/.local/share/nvim/lazy/catppuccin/colors/catppuccin.vim
038.473  000.007  000.007: sourcing nvim_exec2() called at ColorScheme Autocommands for "*":0
038.773  000.038  000.038: require('catppuccin.utils.lualine')
038.805  000.031  000.031: require('catppuccin.palettes')
038.835  000.028  000.028: require('catppuccin.palettes.mocha')
038.848  000.003  000.003: sourcing nvim_exec2() called at ColorScheme Autocommands for "*":0
038.851  000.001  000.001: sourcing nvim_exec2() called at ColorScheme Autocommands for "*":0
038.853  000.001  000.001: sourcing nvim_exec2() called at ColorScheme Autocommands for "*":0
038.856  000.001  000.001: sourcing nvim_exec2() called at ColorScheme Autocommands for "*":0
038.860  000.001  000.001: sourcing nvim_exec2() called at ColorScheme Autocommands for "*":0
038.862  000.001  000.001: sourcing nvim_exec2() called at ColorScheme Autocommands for "*":0
038.864  000.001  000.001: sourcing nvim_exec2() called at ColorScheme Autocommands for "*":0
038.866  000.001  000.001: sourcing nvim_exec2() called at ColorScheme Autocommands for "*":0
038.869  000.001  000.001: sourcing nvim_exec2() called at ColorScheme Autocommands for "*":0
038.871  000.001  000.001: sourcing nvim_exec2() called at ColorScheme Autocommands for "*":0
038.873  000.001  000.001: sourcing nvim_exec2() called at ColorScheme Autocommands for "*":0
038.875  000.001  000.001: sourcing nvim_exec2() called at ColorScheme Autocommands for "*":0
038.877  000.001  000.001: sourcing nvim_exec2() called at ColorScheme Autocommands for "*":0
038.879  000.001  000.001: sourcing nvim_exec2() called at ColorScheme Autocommands for "*":0
038.882  000.001  000.001: sourcing nvim_exec2() called at ColorScheme Autocommands for "*":0
038.895  000.001  000.001: sourcing nvim_exec2() called at ColorScheme Autocommands for "*":0
038.898  000.001  000.001: sourcing nvim_exec2() called at ColorScheme Autocommands for "*":0
038.900  000.001  000.001: sourcing nvim_exec2() called at ColorScheme Autocommands for "*":0
038.902  000.001  000.001: sourcing nvim_exec2() called at ColorScheme Autocommands for "*":0
038.904  000.001  000.001: sourcing nvim_exec2() called at ColorScheme Autocommands for "*":0
038.906  000.001  000.001: sourcing nvim_exec2() called at ColorScheme Autocommands for "*":0
038.909  000.001  000.001: sourcing nvim_exec2() called at ColorScheme Autocommands for "*":0
038.911  000.001  000.001: sourcing nvim_exec2() called at ColorScheme Autocommands for "*":0
038.913  000.001  000.001: sourcing nvim_exec2() called at ColorScheme Autocommands for "*":0
038.915  000.001  000.001: sourcing nvim_exec2() called at ColorScheme Autocommands for "*":0
038.917  000.001  000.001: sourcing nvim_exec2() called at ColorScheme Autocommands for "*":0
038.919  000.001  000.001: sourcing nvim_exec2() called at ColorScheme Autocommands for "*":0
038.922  000.001  000.001: sourcing nvim_exec2() called at ColorScheme Autocommands for "*":0
038.924  000.001  000.001: sourcing nvim_exec2() called at ColorScheme Autocommands for "*":0
038.926  000.001  000.001: sourcing nvim_exec2() called at ColorScheme Autocommands for "*":0
038.928  000.001  000.001: sourcing nvim_exec2() called at ColorScheme Autocommands for "*":0
038.930  000.001  000.001: sourcing nvim_exec2() called at ColorScheme Autocommands for "*":0
038.934  000.001  000.001: sourcing nvim_exec2() called at ColorScheme Autocommands for "*":0
038.937  000.001  000.001: sourcing nvim_exec2() called at ColorScheme Autocommands for "*":0
038.939  000.001  000.001: sourcing nvim_exec2() called at ColorScheme Autocommands for "*":0
038.941  000.001  000.001: sourcing nvim_exec2() called at ColorScheme Autocommands for "*":0
038.943  000.001  000.001: sourcing nvim_exec2() called at ColorScheme Autocommands for "*":0
038.945  000.001  000.001: sourcing nvim_exec2() called at ColorScheme Autocommands for "*":0
038.947  000.001  000.001: sourcing nvim_exec2() called at ColorScheme Autocommands for "*":0
038.950  000.001  000.001: sourcing nvim_exec2() called at ColorScheme Autocommands for "*":0
038.952  000.001  000.001: sourcing nvim_exec2() called at ColorScheme Autocommands for "*":0
038.954  000.001  000.001: sourcing nvim_exec2() called at ColorScheme Autocommands for "*":0
038.957  000.001  000.001: sourcing nvim_exec2() called at ColorScheme Autocommands for "*":0
038.959  000.001  000.001: sourcing nvim_exec2() called at ColorScheme Autocommands for "*":0
038.961  000.001  000.001: sourcing nvim_exec2() called at ColorScheme Autocommands for "*":0
038.963  000.001  000.001: sourcing nvim_exec2() called at ColorScheme Autocommands for "*":0
038.966  000.001  000.001: sourcing nvim_exec2() called at ColorScheme Autocommands for "*":0
038.968  000.001  000.001: sourcing nvim_exec2() called at ColorScheme Autocommands for "*":0
038.970  000.001  000.001: sourcing nvim_exec2() called at ColorScheme Autocommands for "*":0
038.973  000.001  000.001: sourcing nvim_exec2() called at ColorScheme Autocommands for "*":0
038.975  000.001  000.001: sourcing nvim_exec2() called at ColorScheme Autocommands for "*":0
038.977  000.001  000.001: sourcing nvim_exec2() called at ColorScheme Autocommands for "*":0
038.980  000.001  000.001: sourcing nvim_exec2() called at ColorScheme Autocommands for "*":0
038.982  000.001  000.001: sourcing nvim_exec2() called at ColorScheme Autocommands for "*":0
038.986  000.001  000.001: sourcing nvim_exec2() called at ColorScheme Autocommands for "*":0
038.988  000.001  000.001: sourcing nvim_exec2() called at ColorScheme Autocommands for "*":0
038.990  000.001  000.001: sourcing nvim_exec2() called at ColorScheme Autocommands for "*":0
038.993  000.001  000.001: sourcing nvim_exec2() called at ColorScheme Autocommands for "*":0
038.995  000.001  000.001: sourcing nvim_exec2() called at ColorScheme Autocommands for "*":0
038.997  000.001  000.001: sourcing nvim_exec2() called at ColorScheme Autocommands for "*":0
038.999  000.001  000.001: sourcing nvim_exec2() called at ColorScheme Autocommands for "*":0
039.001  000.001  000.001: sourcing nvim_exec2() called at ColorScheme Autocommands for "*":0
039.004  000.001  000.001: sourcing nvim_exec2() called at ColorScheme Autocommands for "*":0
039.006  000.001  000.001: sourcing nvim_exec2() called at ColorScheme Autocommands for "*":0
039.008  000.001  000.001: sourcing nvim_exec2() called at ColorScheme Autocommands for "*":0
039.010  000.001  000.001: sourcing nvim_exec2() called at ColorScheme Autocommands for "*":0
039.012  000.001  000.001: sourcing nvim_exec2() called at ColorScheme Autocommands for "*":0
039.015  000.001  000.001: sourcing nvim_exec2() called at ColorScheme Autocommands for "*":0
039.017  000.001  000.001: sourcing nvim_exec2() called at ColorScheme Autocommands for "*":0
039.019  000.001  000.001: sourcing nvim_exec2() called at ColorScheme Autocommands for "*":0
039.021  000.001  000.001: sourcing nvim_exec2() called at ColorScheme Autocommands for "*":0
039.024  000.001  000.001: sourcing nvim_exec2() called at ColorScheme Autocommands for "*":0
039.026  000.001  000.001: sourcing nvim_exec2() called at ColorScheme Autocommands for "*":0
039.028  000.001  000.001: sourcing nvim_exec2() called at ColorScheme Autocommands for "*":0
039.030  000.001  000.001: sourcing nvim_exec2() called at ColorScheme Autocommands for "*":0
039.032  000.001  000.001: sourcing nvim_exec2() called at ColorScheme Autocommands for "*":0
039.035  000.001  000.001: sourcing nvim_exec2() called at ColorScheme Autocommands for "*":0
039.037  000.001  000.001: sourcing nvim_exec2() called at ColorScheme Autocommands for "*":0
039.039  000.001  000.001: sourcing nvim_exec2() called at ColorScheme Autocommands for "*":0
039.041  000.001  000.001: sourcing nvim_exec2() called at ColorScheme Autocommands for "*":0
039.043  000.001  000.001: sourcing nvim_exec2() called at ColorScheme Autocommands for "*":0
039.045  000.001  000.001: sourcing nvim_exec2() called at ColorScheme Autocommands for "*":0
039.049  000.001  000.001: sourcing nvim_exec2() called at ColorScheme Autocommands for "*":0
039.051  000.001  000.001: sourcing nvim_exec2() called at ColorScheme Autocommands for "*":0
039.054  000.001  000.001: sourcing nvim_exec2() called at ColorScheme Autocommands for "*":0
039.062  000.002  000.002: sourcing nvim_exec2() called at ColorScheme Autocommands for "*":0
039.070  000.002  000.002: sourcing nvim_exec2() called at ColorScheme Autocommands for "*":0
039.136  000.002  000.002: sourcing nvim_exec2() called at ColorScheme Autocommands for "*":0
039.146  000.002  000.002: sourcing nvim_exec2() called at ColorScheme Autocommands for "*":0
039.150  000.001  000.001: sourcing nvim_exec2() called at ColorScheme Autocommands for "*":0
039.156  000.002  000.002: sourcing nvim_exec2() called at ColorScheme Autocommands for "*":0
039.161  000.001  000.001: sourcing nvim_exec2() called at ColorScheme Autocommands for "*":0
039.172  000.002  000.002: sourcing nvim_exec2() called at ColorScheme Autocommands for "*":0
039.176  000.001  000.001: sourcing nvim_exec2() called at ColorScheme Autocommands for "*":0
039.183  000.002  000.002: sourcing nvim_exec2() called at ColorScheme Autocommands for "*":0
039.188  000.002  000.002: sourcing nvim_exec2() called at ColorScheme Autocommands for "*":0
039.192  000.001  000.001: sourcing nvim_exec2() called at ColorScheme Autocommands for "*":0
039.197  000.001  000.001: sourcing nvim_exec2() called at ColorScheme Autocommands for "*":0
039.201  000.001  000.001: sourcing nvim_exec2() called at ColorScheme Autocommands for "*":0
039.206  000.002  000.002: sourcing nvim_exec2() called at ColorScheme Autocommands for "*":0
039.212  000.001  000.001: sourcing nvim_exec2() called at ColorScheme Autocommands for "*":0
039.218  000.002  000.002: sourcing nvim_exec2() called at ColorScheme Autocommands for "*":0
039.239  000.006  000.006: sourcing nvim_exec2() called at ColorScheme Autocommands for "*":0
039.296  000.008  000.008: sourcing nvim_exec2() called at ColorScheme Autocommands for "*":0
039.302  000.001  000.001: sourcing nvim_exec2() called at ColorScheme Autocommands for "*":0
039.334  000.001  000.001: sourcing nvim_exec2() called at ColorScheme Autocommands for "*":0
039.354  000.001  000.001: sourcing nvim_exec2() called at ColorScheme Autocommands for "*":0
039.372  000.001  000.001: sourcing nvim_exec2() called at ColorScheme Autocommands for "*":0
039.392  000.001  000.001: sourcing nvim_exec2() called at ColorScheme Autocommands for "*":0
039.415  000.002  000.002: sourcing nvim_exec2() called at ColorScheme Autocommands for "*":0
039.516  000.004  000.004: sourcing nvim_exec2() called at ColorScheme Autocommands for "*":0
039.523  000.003  000.003: sourcing nvim_exec2() called at ColorScheme Autocommands for "*":0
039.583  000.003  000.003: sourcing nvim_exec2() called at ColorScheme Autocommands for "*":0
039.590  000.001  000.001: sourcing nvim_exec2() called at ColorScheme Autocommands for "*":0
039.595  000.001  000.001: sourcing nvim_exec2() called at ColorScheme Autocommands for "*":0
039.601  000.001  000.001: sourcing nvim_exec2() called at ColorScheme Autocommands for "*":0
039.605  000.001  000.001: sourcing nvim_exec2() called at ColorScheme Autocommands for "*":0
039.609  000.001  000.001: sourcing nvim_exec2() called at ColorScheme Autocommands for "*":0
039.616  000.002  000.002: sourcing nvim_exec2() called at ColorScheme Autocommands for "*":0
039.622  000.001  000.001: sourcing nvim_exec2() called at ColorScheme Autocommands for "*":0
039.628  000.001  000.001: sourcing nvim_exec2() called at ColorScheme Autocommands for "*":0
039.632  000.001  000.001: sourcing nvim_exec2() called at ColorScheme Autocommands for "*":0
039.638  000.001  000.001: sourcing nvim_exec2() called at ColorScheme Autocommands for "*":0
039.642  000.001  000.001: sourcing nvim_exec2() called at ColorScheme Autocommands for "*":0
039.646  000.001  000.001: sourcing nvim_exec2() called at ColorScheme Autocommands for "*":0
039.652  000.001  000.001: sourcing nvim_exec2() called at ColorScheme Autocommands for "*":0
039.658  000.001  000.001: sourcing nvim_exec2() called at ColorScheme Autocommands for "*":0
039.664  000.001  000.001: sourcing nvim_exec2() called at ColorScheme Autocommands for "*":0
039.668  000.001  000.001: sourcing nvim_exec2() called at ColorScheme Autocommands for "*":0
039.672  000.001  000.001: sourcing nvim_exec2() called at ColorScheme Autocommands for "*":0
039.678  000.001  000.001: sourcing nvim_exec2() called at ColorScheme Autocommands for "*":0
039.682  000.001  000.001: sourcing nvim_exec2() called at ColorScheme Autocommands for "*":0
039.686  000.001  000.001: sourcing nvim_exec2() called at ColorScheme Autocommands for "*":0
039.694  000.004  000.004: sourcing nvim_exec2() called at ColorScheme Autocommands for "*":0
039.699  000.001  000.001: sourcing nvim_exec2() called at ColorScheme Autocommands for "*":0
039.702  000.002  000.002: sourcing nvim_exec2() called at ColorScheme Autocommands for "*":0
039.706  000.002  000.002: sourcing nvim_exec2() called at ColorScheme Autocommands for "*":0
039.799  000.003  000.003: sourcing nvim_exec2() called at ColorScheme Autocommands for "*":0
039.804  000.001  000.001: sourcing nvim_exec2() called at ColorScheme Autocommands for "*":0
039.809  000.001  000.001: sourcing nvim_exec2() called at ColorScheme Autocommands for "*":0
039.815  000.001  000.001: sourcing nvim_exec2() called at ColorScheme Autocommands for "*":0
039.819  000.001  000.001: sourcing nvim_exec2() called at ColorScheme Autocommands for "*":0
039.823  000.001  000.001: sourcing nvim_exec2() called at ColorScheme Autocommands for "*":0
039.829  000.001  000.001: sourcing nvim_exec2() called at ColorScheme Autocommands for "*":0
039.836  000.001  000.001: sourcing nvim_exec2() called at ColorScheme Autocommands for "*":0
039.842  000.001  000.001: sourcing nvim_exec2() called at ColorScheme Autocommands for "*":0
039.846  000.001  000.001: sourcing nvim_exec2() called at ColorScheme Autocommands for "*":0
039.852  000.001  000.001: sourcing nvim_exec2() called at ColorScheme Autocommands for "*":0
039.857  000.001  000.001: sourcing nvim_exec2() called at ColorScheme Autocommands for "*":0
039.861  000.001  000.001: sourcing nvim_exec2() called at ColorScheme Autocommands for "*":0
039.868  000.001  000.001: sourcing nvim_exec2() called at ColorScheme Autocommands for "*":0
039.876  000.002  000.002: sourcing nvim_exec2() called at ColorScheme Autocommands for "*":0
039.880  000.001  000.001: sourcing nvim_exec2() called at ColorScheme Autocommands for "*":0
039.886  000.001  000.001: sourcing nvim_exec2() called at ColorScheme Autocommands for "*":0
039.890  000.001  000.001: sourcing nvim_exec2() called at ColorScheme Autocommands for "*":0
039.894  000.001  000.001: sourcing nvim_exec2() called at ColorScheme Autocommands for "*":0
039.900  000.001  000.001: sourcing nvim_exec2() called at ColorScheme Autocommands for "*":0
039.904  000.002  000.002: sourcing nvim_exec2() called at ColorScheme Autocommands for "*":0
039.910  000.001  000.001: sourcing nvim_exec2() called at ColorScheme Autocommands for "*":0
039.914  000.001  000.001: sourcing nvim_exec2() called at ColorScheme Autocommands for "*":0
039.919  000.001  000.001: sourcing nvim_exec2() called at ColorScheme Autocommands for "*":0
039.929  000.001  000.001: sourcing nvim_exec2() called at ColorScheme Autocommands for "*":0
039.933  000.001  000.001: sourcing nvim_exec2() called at ColorScheme Autocommands for "*":0
039.937  000.001  000.001: sourcing nvim_exec2() called at ColorScheme Autocommands for "*":0
039.943  000.002  000.002: sourcing nvim_exec2() called at ColorScheme Autocommands for "*":0
039.995  000.007  000.007: sourcing nvim_exec2() called at ColorScheme Autocommands for "*":0
040.003  000.003  000.003: sourcing nvim_exec2() called at ColorScheme Autocommands for "*":0
040.014  000.009  000.009: sourcing nvim_exec2() called at ColorScheme Autocommands for "*":0
040.021  000.004  000.004: sourcing nvim_exec2() called at ColorScheme Autocommands for "*":0
040.026  000.003  000.003: sourcing nvim_exec2() called at ColorScheme Autocommands for "*":0
040.137  000.103  000.103: require('telescope.builtin')
040.271  000.119  000.119: require('vim.lsp.buf')
040.298  037.613  020.559: sourcing /home/douglas/.config/nvim/init.lua
040.303  000.459: sourcing vimrc file(s)
040.446  000.030  000.030: sourcing /home/douglas/.local/share/bob/v0.11.5/share/nvim/runtime/filetype.lua
040.648  000.043  000.043: sourcing /home/douglas/.local/share/bob/v0.11.5/share/nvim/runtime/syntax/synload.vim
040.698  000.179  000.135: sourcing /home/douglas/.local/share/bob/v0.11.5/share/nvim/runtime/syntax/syntax.vim
040.707  000.195: inits 3
041.771  001.064: reading ShaDa
041.885  000.114: opening buffers
041.954  000.069: BufEnter autocommands
041.956  000.002: editing files in windows
041.960  000.004: --- NVIM STARTED ---

--- Startup times for process: Primary (or UI client) ---

times in msec
 clock   self+sourced   self:  sourced script
 clock   elapsed:              other lines

000.009  000.009: --- NVIM STARTING ---
000.164  000.155: event init
000.285  000.120: early init
000.348  000.064: locale set
000.425  000.077: init first window
000.902  000.477: inits 1
000.909  000.007: window checked
000.912  000.003: parsing arguments
001.517  000.051  000.051: require('vim.shared')
001.650  000.047  000.047: require('vim.inspect')
001.713  000.051  000.051: require('vim._options')
001.718  000.196  000.098: require('vim._editor')
001.720  000.284  000.037: require('vim._init_packages')
001.722  000.526: init lua interpreter
004.310  002.589: nvim_ui_attach
004.642  000.332: nvim_set_client_info
004.644  000.002: --- NVIM STARTED ---

--- Startup times for process: Embedded ---

times in msec
 clock   self+sourced   self:  sourced script
 clock   elapsed:              other lines

000.003  000.003: --- NVIM STARTING ---
000.178  000.175: event init
000.295  000.117: early init
000.372  000.077: locale set
000.441  000.068: init first window
000.877  000.436: inits 1
000.892  000.015: window checked
000.895  000.003: parsing arguments
001.503  000.056  000.056: require('vim.shared')
001.619  000.046  000.046: require('vim.inspect')
001.678  000.049  000.049: require('vim._options')
001.683  000.175  000.081: require('vim._editor')
001.685  000.268  000.036: require('vim._init_packages')
001.687  000.524: init lua interpreter
001.757  000.070: expanding arguments
001.776  000.019: inits 2
002.080  000.305: init highlight
002.081  000.001: waiting for UI
002.179  000.097: done waiting for UI
002.182  000.004: clear screen
002.284  000.016  000.016: require('vim.keymap')
002.873  000.112  000.112: sourcing nvim_exec2()
002.979  000.795  000.667: require('vim._defaults')
002.981  000.003: init default mappings & autocommands
003.377  000.033  000.033: sourcing /home/douglas/.local/share/bob/v0.11.5/share/nvim/runtime/ftplugin.vim
003.434  000.016  000.016: sourcing /home/douglas/.local/share/bob/v0.11.5/share/nvim/runtime/indent.vim
003.755  000.017  000.017: require('vim.fs')
003.881  000.123  000.123: require('vim.uri')
003.892  000.170  000.030: require('vim.loader')
004.038  000.135  000.135: require('core.options')
004.355  000.083  000.083: require('vim.lsp.log')
005.160  000.801  000.801: require('vim.lsp.protocol')
005.417  000.254  000.254: require('vim.lsp.util')
005.621  000.054  000.054: require('vim.lsp.sync')
005.626  000.207  000.153: require('vim.lsp._changetracking')
005.725  000.038  000.038: require('vim.lsp._transport')
005.735  000.107  000.070: require('vim.lsp.rpc')
005.754  001.687  000.235: require('vim.lsp')
006.171  000.098  000.098: require('lazy')
006.188  000.008  000.008: require('ffi')
006.279  000.088  000.088: require('lazy.stats')
006.360  000.064  000.064: require('lazy.core.util')
006.419  000.058  000.058: require('lazy.core.config')
006.664  000.156  000.156: require('lazy.core.handler')
006.834  000.039  000.039: require('lazy.pkg')
006.837  000.089  000.051: require('lazy.core.meta')
006.842  000.176  000.087: require('lazy.core.plugin')
006.852  000.431  000.098: require('lazy.core.loader')
007.052  000.079  000.079: require('lazy.core.fragments')
007.574  000.058  000.058: require('lazy.core.handler.keys')
007.671  000.059  000.059: require('lazy.core.handler.event')
007.673  000.096  000.037: require('lazy.core.handler.ft')
007.722  000.046  000.046: require('lazy.core.handler.cmd')
008.114  000.005  000.005: sourcing nvim_exec2() called at /home/douglas/.config/nvim/init.lua:0
008.126  000.001  000.001: sourcing nvim_exec2() called at /home/douglas/.config/nvim/init.lua:0
008.148  000.001  000.001: sourcing nvim_exec2() called at /home/douglas/.config/nvim/init.lua:0
008.158  000.001  000.001: sourcing nvim_exec2() called at /home/douglas/.config/nvim/init.lua:0
008.168  000.001  000.001: sourcing nvim_exec2() called at /home/douglas/.config/nvim/init.lua:0
008.176  000.001  000.001: sourcing nvim_exec2() called at /home/douglas/.config/nvim/init.lua:0
008.402  000.119  000.119: sourcing nvim_exec2() called at /home/douglas/.local/share/bob/v0.11.5/share/nvim/runtime/filetype.lua:0
008.406  000.177  000.058: sourcing /home/douglas/.local/share/bob/v0.11.5/share/nvim/runtime/filetype.lua
008.409  000.206  000.030: sourcing nvim_exec2() called at /home/douglas/.config/nvim/init.lua:0
008.485  000.002  000.002: sourcing nvim_exec2() called at /home/douglas/.config/nvim/init.lua:0
008.492  000.001  000.001: sourcing nvim_exec2() called at /home/douglas/.config/nvim/init.lua:0
008.779  000.003  000.003: sourcing nvim_exec2() called at /home/douglas/.config/nvim/init.lua:0
008.787  000.001  000.001: sourcing nvim_exec2() called at /home/douglas/.config/nvim/init.lua:0
009.066  000.042  000.042: require('mason-core.path')
009.250  000.036  000.036: require('mason-core.functional.data')
009.349  000.096  000.096: require('mason-core.functional.function')
009.460  000.103  000.103: require('mason-core.functional.list')
009.554  000.082  000.082: require('mason-core.functional.relation')
009.625  000.067  000.067: require('mason-core.functional.logic')
009.690  000.063  000.063: require('mason-core.functional.number')
009.815  000.112  000.112: require('mason-core.functional.string')
009.886  000.068  000.068: require('mason-core.functional.table')
009.934  000.028  000.028: require('mason-core.functional.type')
009.937  000.811  000.155: require('mason-core.functional')
009.964  000.896  000.085: require('mason-core.platform')
010.028  000.062  000.062: require('mason.settings')
010.031  001.051  000.051: require('mason-core.installer.InstallLocation')
010.171  000.075  000.075: require('mason-core.log')
010.174  000.103  000.028: require('mason-core.EventEmitter')
010.219  000.043  000.043: require('mason-registry.sources')
010.224  000.191  000.046: require('mason-registry')
010.226  001.392  000.150: require('mason')
010.459  000.065  000.065: require('mason.api.command')
011.011  000.415  000.415: require('lspconfig.util')
011.026  000.473  000.057: sourcing /home/douglas/.local/share/nvim/lazy/nvim-lspconfig/plugin/lspconfig.lua
011.029  000.501  000.028: sourcing nvim_exec2() called at /home/douglas/.config/nvim/init.lua:0
011.035  000.002  000.002: sourcing nvim_exec2() called at /home/douglas/.config/nvim/init.lua:0
011.043  000.001  000.001: sourcing nvim_exec2() called at /home/douglas/.config/nvim/init.lua:0
011.051  000.001  000.001: sourcing nvim_exec2() called at /home/douglas/.config/nvim/init.lua:0
011.057  000.001  000.001: sourcing nvim_exec2() called at /home/douglas/.config/nvim/init.lua:0
011.127  000.024  000.024: require('mason-lspconfig.settings')
011.129  000.060  000.036: require('mason-lspconfig')
011.168  000.034  000.034: require('mason-core.async')
011.222  000.028  000.028: require('mason-core.async.control')
011.251  000.027  000.027: require('mason-core.result')
011.321  000.042  000.042: require('mason-core.async.uv')
011.325  000.073  000.031: require('mason-core.fs')
011.335  000.166  000.038: require('mason-registry.installer')
011.519  000.027  000.027: require('mason-core.optional')
011.648  000.074  000.074: require('mason-core.process')
011.709  000.059  000.059: require('mason-core.spawn')
011.712  000.164  000.031: require('mason-core.installer.managers.powershell')
011.743  000.029  000.029: require('mason.version')
011.745  000.223  000.030: require('mason-core.fetch')
011.781  000.035  000.035: require('mason-core.providers')
011.979  000.079  000.079: require('mason-core.purl')
011.986  000.130  000.051: require('mason-core.package.AbstractPackage')
012.188  000.051  000.051: require('mason-core.installer.compiler.expr')
012.197  000.111  000.060: require('mason-core.installer.compiler.link')
012.513  000.061  000.061: require('mason-core.installer.context.InstallContextCwd')
012.576  000.060  000.060: require('mason-core.installer.context.InstallContextFs')
012.624  000.047  000.047: require('mason-core.installer.context.InstallContextSpawn')
012.682  000.056  000.056: require('mason-core.receipt')
012.698  000.314  000.090: require('mason-core.installer.context')
012.700  000.375  000.061: require('mason-core.installer')
012.721  000.481  000.106: require('mason-core.installer.managers.std')
012.723  000.525  000.044: require('mason-core.installer.compiler.schemas')
012.778  000.053  000.053: require('mason-core.installer.compiler.util')
012.788  000.751  000.062: require('mason-core.installer.compiler')
012.853  000.064  000.064: require('mason-core.installer.linker')
012.858  000.871  000.056: require('mason-core.installer.InstallRunner')
012.908  000.049  000.049: require('mason-core.installer.UninstallRunner')
012.914  001.103  000.053: require('mason-core.package')
012.918  001.135  000.033: require('mason-registry.sources.util')
012.926  001.485  000.065: require('mason-registry.sources.github')
016.193  000.004  000.004: require('vim.F')
016.324  000.071  000.071: require('mason-lspconfig.mappings')
016.327  000.131  000.060: require('mason-lspconfig.features.automatic_enable')
022.063  000.032  000.032: require('mason-lspconfig.notify')
022.083  000.122  000.090: require('mason-lspconfig.api.command')
022.343  000.031  000.031: sourcing /home/douglas/.local/share/nvim/lazy/nvim-web-devicons/plugin/nvim-web-devicons.vim
022.347  000.069  000.039: sourcing nvim_exec2() called at /home/douglas/.config/nvim/init.lua:0
022.353  000.002  000.002: sourcing nvim_exec2() called at /home/douglas/.config/nvim/init.lua:0
022.360  000.001  000.001: sourcing nvim_exec2() called at /home/douglas/.config/nvim/init.lua:0
022.370  000.001  000.001: sourcing nvim_exec2() called at /home/douglas/.config/nvim/init.lua:0
022.376  000.001  000.001: sourcing nvim_exec2() called at /home/douglas/.config/nvim/init.lua:0
022.680  000.045  000.045: require('lualine_require')
022.909  000.531  000.486: require('lualine')
023.037  000.008  000.008: sourcing nvim_exec2() called at /home/douglas/.config/nvim/init.lua:0
023.423  000.072  000.072: require('lualine.highlight')
023.801  000.009  000.009: sourcing nvim_exec2() called at /home/douglas/.config/nvim/init.lua:0
023.822  000.012  000.012: sourcing nvim_exec2() called at /home/douglas/.config/nvim/init.lua:0
023.831  000.002  000.002: sourcing nvim_exec2() called at /home/douglas/.config/nvim/init.lua:0
023.840  000.003  000.003: sourcing nvim_exec2() called at /home/douglas/.config/nvim/init.lua:0
023.847  000.002  000.002: sourcing nvim_exec2() called at /home/douglas/.config/nvim/init.lua:0
023.855  000.002  000.002: sourcing nvim_exec2() called at /home/douglas/.config/nvim/init.lua:0
023.862  000.002  000.002: sourcing nvim_exec2() called at /home/douglas/.config/nvim/init.lua:0
023.880  000.011  000.011: sourcing nvim_exec2() called at /home/douglas/.config/nvim/init.lua:0
023.886  000.002  000.002: sourcing nvim_exec2() called at /home/douglas/.config/nvim/init.lua:0
023.893  000.002  000.002: sourcing nvim_exec2() called at /home/douglas/.config/nvim/init.lua:0
023.901  000.001  000.001: sourcing nvim_exec2() called at /home/douglas/.config/nvim/init.lua:0
023.907  000.001  000.001: sourcing nvim_exec2() called at /home/douglas/.config/nvim/init.lua:0
023.915  000.002  000.002: sourcing nvim_exec2() called at /home/douglas/.config/nvim/init.lua:0
023.921  000.002  000.002: sourcing nvim_exec2() called at /home/douglas/.config/nvim/init.lua:0
023.927  000.001  000.001: sourcing nvim_exec2() called at /home/douglas/.config/nvim/init.lua:0
023.935  000.002  000.002: sourcing nvim_exec2() called at /home/douglas/.config/nvim/init.lua:0
023.954  000.002  000.002: sourcing nvim_exec2() called at /home/douglas/.config/nvim/init.lua:0
023.962  000.001  000.001: sourcing nvim_exec2() called at /home/douglas/.config/nvim/init.lua:0
023.968  000.001  000.001: sourcing nvim_exec2() called at /home/douglas/.config/nvim/init.lua:0
023.982  000.002  000.002: sourcing nvim_exec2() called at /home/douglas/.config/nvim/init.lua:0
024.070  000.002  000.002: sourcing nvim_exec2() called at /home/douglas/.config/nvim/init.lua:0
024.088  000.002  000.002: sourcing nvim_exec2() called at /home/douglas/.config/nvim/init.lua:0
024.099  000.008  000.008: sourcing nvim_exec2() called at /home/douglas/.config/nvim/init.lua:0
024.727  000.056  000.056: sourcing nvim_exec2() called at /home/douglas/.config/nvim/init.lua:0
024.737  000.004  000.004: sourcing nvim_exec2() called at /home/douglas/.config/nvim/init.lua:0
024.977  000.005  000.005: sourcing nvim_exec2() called at /home/douglas/.config/nvim/init.lua:0
024.988  000.002  000.002: sourcing nvim_exec2() called at /home/douglas/.config/nvim/init.lua:0
024.995  000.002  000.002: sourcing nvim_exec2() called at /home/douglas/.config/nvim/init.lua:0
025.001  000.001  000.001: sourcing nvim_exec2() called at /home/douglas/.config/nvim/init.lua:0
025.008  000.001  000.001: sourcing nvim_exec2() called at /home/douglas/.config/nvim/init.lua:0
025.035  000.002  000.002: sourcing nvim_exec2() called at /home/douglas/.config/nvim/init.lua:0
025.041  000.002  000.002: sourcing nvim_exec2() called at /home/douglas/.config/nvim/init.lua:0
025.051  000.002  000.002: sourcing nvim_exec2() called at /home/douglas/.config/nvim/init.lua:0
025.063  000.002  000.002: sourcing nvim_exec2() called at /home/douglas/.config/nvim/init.lua:0
025.068  000.001  000.001: sourcing nvim_exec2() called at /home/douglas/.config/nvim/init.lua:0
025.075  000.001  000.001: sourcing nvim_exec2() called at /home/douglas/.config/nvim/init.lua:0
025.082  000.001  000.001: sourcing nvim_exec2() called at /home/douglas/.config/nvim/init.lua:0
025.090  000.001  000.001: sourcing nvim_exec2() called at /home/douglas/.config/nvim/init.lua:0
025.096  000.001  000.001: sourcing nvim_exec2() called at /home/douglas/.config/nvim/init.lua:0
025.106  000.002  000.002: sourcing nvim_exec2() called at /home/douglas/.config/nvim/init.lua:0
025.111  000.001  000.001: sourcing nvim_exec2() called at /home/douglas/.config/nvim/init.lua:0
025.117  000.001  000.001: sourcing nvim_exec2() called at /home/douglas/.config/nvim/init.lua:0
025.125  000.002  000.002: sourcing nvim_exec2() called at /home/douglas/.config/nvim/init.lua:0
025.130  000.001  000.001: sourcing nvim_exec2() called at /home/douglas/.config/nvim/init.lua:0
025.138  000.002  000.002: sourcing nvim_exec2() called at /home/douglas/.config/nvim/init.lua:0
025.143  000.002  000.002: sourcing nvim_exec2() called at /home/douglas/.config/nvim/init.lua:0
025.259  000.006  000.006: sourcing nvim_exec2() called at /home/douglas/.config/nvim/init.lua:0
025.265  000.002  000.002: sourcing nvim_exec2() called at /home/douglas/.config/nvim/init.lua:0
025.269  000.002  000.002: sourcing nvim_exec2() called at /home/douglas/.config/nvim/init.lua:0
025.274  000.003  000.003: sourcing nvim_exec2() called at /home/douglas/.config/nvim/init.lua:0
025.630  000.004  000.004: sourcing nvim_exec2() called at /home/douglas/.config/nvim/init.lua:0
025.638  000.002  000.002: sourcing nvim_exec2() called at /home/douglas/.config/nvim/init.lua:0
025.645  000.002  000.002: sourcing nvim_exec2() called at /home/douglas/.config/nvim/init.lua:0
025.651  000.002  000.002: sourcing nvim_exec2() called at /home/douglas/.config/nvim/init.lua:0
025.657  000.002  000.002: sourcing nvim_exec2() called at /home/douglas/.config/nvim/init.lua:0
025.674  000.002  000.002: sourcing nvim_exec2() called at /home/douglas/.config/nvim/init.lua:0
025.680  000.001  000.001: sourcing nvim_exec2() called at /home/douglas/.config/nvim/init.lua:0
025.692  000.002  000.002: sourcing nvim_exec2() called at /home/douglas/.config/nvim/init.lua:0
025.697  000.002  000.002: sourcing nvim_exec2() called at /home/douglas/.config/nvim/init.lua:0
025.705  000.001  000.001: sourcing nvim_exec2() called at /home/douglas/.config/nvim/init.lua:0
025.712  000.002  000.002: sourcing nvim_exec2() called at /home/douglas/.config/nvim/init.lua:0
025.718  000.002  000.002: sourcing nvim_exec2() called at /home/douglas/.config/nvim/init.lua:0
025.725  000.001  000.001: sourcing nvim_exec2() called at /home/douglas/.config/nvim/init.lua:0
025.745  000.002  000.002: sourcing nvim_exec2() called at /home/douglas/.config/nvim/init.lua:0
025.756  000.002  000.002: sourcing nvim_exec2() called at /home/douglas/.config/nvim/init.lua:0
025.762  000.002  000.002: sourcing nvim_exec2() called at /home/douglas/.config/nvim/init.lua:0
025.769  000.001  000.001: sourcing nvim_exec2() called at /home/douglas/.config/nvim/init.lua:0
025.833  000.002  000.002: sourcing nvim_exec2() called at /home/douglas/.config/nvim/init.lua:0
025.841  000.001  000.001: sourcing nvim_exec2() called at /home/douglas/.config/nvim/init.lua:0
025.865  000.002  000.002: sourcing nvim_exec2() called at /home/douglas/.config/nvim/init.lua:0
025.938  000.062  000.062: sourcing nvim_exec2() called at /home/douglas/.config/nvim/init.lua:0
025.947  000.002  000.002: sourcing nvim_exec2() called at /home/douglas/.config/nvim/init.lua:0
025.957  000.001  000.001: sourcing nvim_exec2() called at /home/douglas/.config/nvim/init.lua:0
025.987  000.002  000.002: sourcing nvim_exec2() called at /home/douglas/.config/nvim/init.lua:0
025.993  000.002  000.002: sourcing nvim_exec2() called at /home/douglas/.config/nvim/init.lua:0
025.999  000.001  000.001: sourcing nvim_exec2() called at /home/douglas/.config/nvim/init.lua:0
026.006  000.002  000.002: sourcing nvim_exec2() called at /home/douglas/.config/nvim/init.lua:0
026.012  000.001  000.001: sourcing nvim_exec2() called at /home/douglas/.config/nvim/init.lua:0
026.593  000.048  000.048: require('lualine.utils.mode')
026.661  000.007  000.007: sourcing nvim_exec2() called at /home/douglas/.config/nvim/init.lua:0
026.678  000.004  000.004: sourcing nvim_exec2() called at /home/douglas/.config/nvim/init.lua:0
026.691  000.011  000.011: sourcing nvim_exec2() called at /home/douglas/.config/nvim/init.lua:0
026.698  000.004  000.004: sourcing nvim_exec2() called at /home/douglas/.config/nvim/init.lua:0
026.703  000.003  000.003: sourcing nvim_exec2() called at /home/douglas/.config/nvim/init.lua:0
027.223  000.070  000.070: require('vim.treesitter.language')
027.257  000.032  000.032: require('vim.func')
027.307  000.047  000.047: require('vim.func._memoize')
027.334  000.297  000.148: require('vim.treesitter.query')
027.383  000.047  000.047: require('vim.treesitter._range')
027.397  000.468  000.124: require('vim.treesitter.languagetree')
027.401  000.546  000.078: require('vim.treesitter')
027.516  000.734  000.188: sourcing /home/douglas/.local/share/nvim/lazy/nvim-treesitter/plugin/filetypes.lua
027.520  000.760  000.026: sourcing nvim_exec2() called at /home/douglas/.config/nvim/init.lua:0
027.603  000.055  000.055: sourcing /home/douglas/.local/share/nvim/lazy/nvim-treesitter/plugin/nvim-treesitter.lua
027.606  000.081  000.026: sourcing nvim_exec2() called at /home/douglas/.config/nvim/init.lua:0
027.664  000.033  000.033: sourcing /home/douglas/.local/share/nvim/lazy/nvim-treesitter/plugin/query_predicates.lua
027.667  000.056  000.023: sourcing nvim_exec2() called at /home/douglas/.config/nvim/init.lua:0
027.671  000.001  000.001: sourcing nvim_exec2() called at /home/douglas/.config/nvim/init.lua:0
027.678  000.001  000.001: sourcing nvim_exec2() called at /home/douglas/.config/nvim/init.lua:0
028.085  000.185  000.185: require('auto-save.config')
028.181  000.040  000.040: require('auto-save.utils.data')
028.223  000.040  000.040: require('auto-save.utils.colors')
028.256  000.032  000.032: require('auto-save.utils.echo')
028.263  000.174  000.062: require('auto-save')
028.273  000.410  000.050: sourcing /home/douglas/.local/share/nvim/lazy/auto-save.nvim/plugin/auto-save.lua
028.276  000.433  000.024: sourcing nvim_exec2() called at /home/douglas/.config/nvim/init.lua:0
028.281  000.002  000.002: sourcing nvim_exec2() called at /home/douglas/.config/nvim/init.lua:0
028.291  000.001  000.001: sourcing nvim_exec2() called at /home/douglas/.config/nvim/init.lua:0
028.644  000.020  000.020: sourcing /home/douglas/.local/share/nvim/lazy/plenary.nvim/plugin/plenary.vim
028.648  000.046  000.026: sourcing nvim_exec2() called at /home/douglas/.config/nvim/init.lua:0
028.652  000.001  000.001: sourcing nvim_exec2() called at /home/douglas/.config/nvim/init.lua:0
028.660  000.001  000.001: sourcing nvim_exec2() called at /home/douglas/.config/nvim/init.lua:0
028.865  000.002  000.002: sourcing nvim_exec2() called at /home/douglas/.config/nvim/init.lua:0
028.873  000.001  000.001: sourcing nvim_exec2() called at /home/douglas/.config/nvim/init.lua:0
028.999  000.070  000.070: sourcing /home/douglas/.local/share/nvim/lazy/neo-tree.nvim/plugin/neo-tree.lua
029.003  000.095  000.025: sourcing nvim_exec2() called at /home/douglas/.config/nvim/init.lua:0
029.007  000.001  000.001: sourcing nvim_exec2() called at /home/douglas/.config/nvim/init.lua:0
029.015  000.001  000.001: sourcing nvim_exec2() called at /home/douglas/.config/nvim/init.lua:0
029.288  000.250  000.250: require('neo-tree')
029.402  000.111  000.111: require('neo-tree.log')
029.824  000.285  000.285: sourcing /home/douglas/.local/share/nvim/lazy/telescope.nvim/plugin/telescope.lua
029.828  000.311  000.027: sourcing nvim_exec2() called at /home/douglas/.config/nvim/init.lua:0
029.833  000.002  000.002: sourcing nvim_exec2() called at /home/douglas/.config/nvim/init.lua:0
029.845  000.001  000.001: sourcing nvim_exec2() called at /home/douglas/.config/nvim/init.lua:0
030.150  000.084  000.084: sourcing /home/douglas/.local/share/bob/v0.11.5/share/nvim/runtime/plugin/editorconfig.lua
030.154  000.117  000.033: sourcing nvim_exec2() called at /home/douglas/.config/nvim/init.lua:0
030.333  000.143  000.143: sourcing /home/douglas/.local/share/bob/v0.11.5/share/nvim/runtime/plugin/gzip.vim
030.336  000.171  000.028: sourcing nvim_exec2() called at /home/douglas/.config/nvim/init.lua:0
030.450  000.077  000.077: sourcing /home/douglas/.local/share/bob/v0.11.5/share/nvim/runtime/plugin/man.lua
030.453  000.106  000.030: sourcing nvim_exec2() called at /home/douglas/.config/nvim/init.lua:0
030.953  000.119  000.119: sourcing /home/douglas/.local/share/bob/v0.11.5/share/nvim/runtime/pack/dist/opt/matchit/plugin/matchit.vim
030.969  000.480  000.361: sourcing /home/douglas/.local/share/bob/v0.11.5/share/nvim/runtime/plugin/matchit.vim
030.971  000.511  000.031: sourcing nvim_exec2() called at /home/douglas/.config/nvim/init.lua:0
031.094  000.088  000.088: sourcing /home/douglas/.local/share/bob/v0.11.5/share/nvim/runtime/plugin/matchparen.vim
031.097  000.116  000.028: sourcing nvim_exec2() called at /home/douglas/.config/nvim/init.lua:0
031.660  000.173  000.173: sourcing /home/douglas/.local/share/bob/v0.11.5/share/nvim/runtime/pack/dist/opt/netrw/plugin/netrwPlugin.vim
031.679  000.524  000.351: sourcing /home/douglas/.local/share/bob/v0.11.5/share/nvim/runtime/plugin/netrwPlugin.vim
031.682  000.555  000.031: sourcing nvim_exec2() called at /home/douglas/.config/nvim/init.lua:0
031.817  000.078  000.078: sourcing /home/douglas/.local/share/bob/v0.11.5/share/nvim/runtime/plugin/osc52.lua
031.821  000.117  000.039: sourcing nvim_exec2() called at /home/douglas/.config/nvim/init.lua:0
031.969  000.107  000.107: sourcing /home/douglas/.local/share/bob/v0.11.5/share/nvim/runtime/plugin/rplugin.vim
031.972  000.147  000.040: sourcing nvim_exec2() called at /home/douglas/.config/nvim/init.lua:0
032.053  000.035  000.035: sourcing /home/douglas/.local/share/bob/v0.11.5/share/nvim/runtime/plugin/shada.vim
032.056  000.072  000.037: sourcing nvim_exec2() called at /home/douglas/.config/nvim/init.lua:0
032.114  000.011  000.011: sourcing /home/douglas/.local/share/bob/v0.11.5/share/nvim/runtime/plugin/spellfile.vim
032.117  000.049  000.038: sourcing nvim_exec2() called at /home/douglas/.config/nvim/init.lua:0
032.216  000.058  000.058: sourcing /home/douglas/.local/share/bob/v0.11.5/share/nvim/runtime/plugin/tarPlugin.vim
032.219  000.092  000.033: sourcing nvim_exec2() called at /home/douglas/.config/nvim/init.lua:0
032.343  000.078  000.078: sourcing /home/douglas/.local/share/bob/v0.11.5/share/nvim/runtime/plugin/tohtml.lua
032.346  000.117  000.039: sourcing nvim_exec2() called at /home/douglas/.config/nvim/init.lua:0
032.405  000.013  000.013: sourcing /home/douglas/.local/share/bob/v0.11.5/share/nvim/runtime/plugin/tutor.vim
032.407  000.047  000.034: sourcing nvim_exec2() called at /home/douglas/.config/nvim/init.lua:0
032.536  000.093  000.093: sourcing /home/douglas/.local/share/bob/v0.11.5/share/nvim/runtime/plugin/zipPlugin.vim
032.540  000.125  000.032: sourcing nvim_exec2() called at /home/douglas/.config/nvim/init.lua:0
033.018  000.011  000.011: sourcing nvim_exec2() called at /home/douglas/.config/nvim/init.lua:0
033.997  000.004  000.004: sourcing nvim_exec2() called at /home/douglas/.config/nvim/init.lua:0
034.002  000.001  000.001: sourcing nvim_exec2() called at /home/douglas/.config/nvim/init.lua:0
034.005  000.001  000.001: sourcing nvim_exec2() called at /home/douglas/.config/nvim/init.lua:0
034.007  000.001  000.001: sourcing nvim_exec2() called at /home/douglas/.config/nvim/init.lua:0
034.026  000.001  000.001: sourcing nvim_exec2() called at /home/douglas/.config/nvim/init.lua:0
034.029  000.001  000.001: sourcing nvim_exec2() called at /home/douglas/.config/nvim/init.lua:0
034.031  000.001  000.001: sourcing nvim_exec2() called at /home/douglas/.config/nvim/init.lua:0
034.034  000.001  000.001: sourcing nvim_exec2() called at /home/douglas/.config/nvim/init.lua:0
034.036  000.001  000.001: sourcing nvim_exec2() called at /home/douglas/.config/nvim/init.lua:0
034.038  000.001  000.001: sourcing nvim_exec2() called at /home/douglas/.config/nvim/init.lua:0
034.041  000.001  000.001: sourcing nvim_exec2() called at /home/douglas/.config/nvim/init.lua:0
034.043  000.001  000.001: sourcing nvim_exec2() called at /home/douglas/.config/nvim/init.lua:0
034.045  000.001  000.001: sourcing nvim_exec2() called at /home/douglas/.config/nvim/init.lua:0
034.048  000.001  000.001: sourcing nvim_exec2() called at /home/douglas/.config/nvim/init.lua:0
034.050  000.001  000.001: sourcing nvim_exec2() called at /home/douglas/.config/nvim/init.lua:0
034.052  000.001  000.001: sourcing nvim_exec2() called at /home/douglas/.config/nvim/init.lua:0
034.055  000.001  000.001: sourcing nvim_exec2() called at /home/douglas/.config/nvim/init.lua:0
034.057  000.001  000.001: sourcing nvim_exec2() called at /home/douglas/.config/nvim/init.lua:0
034.059  000.001  000.001: sourcing nvim_exec2() called at /home/douglas/.config/nvim/init.lua:0
034.062  000.001  000.001: sourcing nvim_exec2() called at /home/douglas/.config/nvim/init.lua:0
034.064  000.001  000.001: sourcing nvim_exec2() called at /home/douglas/.config/nvim/init.lua:0
034.066  000.001  000.001: sourcing nvim_exec2() called at /home/douglas/.config/nvim/init.lua:0
034.069  000.001  000.001: sourcing nvim_exec2() called at /home/douglas/.config/nvim/init.lua:0
034.071  000.001  000.001: sourcing nvim_exec2() called at /home/douglas/.config/nvim/init.lua:0
034.073  000.001  000.001: sourcing nvim_exec2() called at /home/douglas/.config/nvim/init.lua:0
034.075  000.001  000.001: sourcing nvim_exec2() called at /home/douglas/.config/nvim/init.lua:0
034.078  000.001  000.001: sourcing nvim_exec2() called at /home/douglas/.config/nvim/init.lua:0
034.080  000.001  000.001: sourcing nvim_exec2() called at /home/douglas/.config/nvim/init.lua:0
034.082  000.001  000.001: sourcing nvim_exec2() called at /home/douglas/.config/nvim/init.lua:0
034.085  000.001  000.001: sourcing nvim_exec2() called at /home/douglas/.config/nvim/init.lua:0
034.087  000.001  000.001: sourcing nvim_exec2() called at /home/douglas/.config/nvim/init.lua:0
034.089  000.001  000.001: sourcing nvim_exec2() called at /home/douglas/.config/nvim/init.lua:0
034.091  000.001  000.001: sourcing nvim_exec2() called at /home/douglas/.config/nvim/init.lua:0
034.094  000.001  000.001: sourcing nvim_exec2() called at /home/douglas/.config/nvim/init.lua:0
034.097  000.001  000.001: sourcing nvim_exec2() called at /home/douglas/.config/nvim/init.lua:0
034.099  000.001  000.001: sourcing nvim_exec2() called at /home/douglas/.config/nvim/init.lua:0
034.101  000.001  000.001: sourcing nvim_exec2() called at /home/douglas/.config/nvim/init.lua:0
034.104  000.001  000.001: sourcing nvim_exec2() called at /home/douglas/.config/nvim/init.lua:0
034.106  000.001  000.001: sourcing nvim_exec2() called at /home/douglas/.config/nvim/init.lua:0
034.108  000.001  000.001: sourcing nvim_exec2() called at /home/douglas/.config/nvim/init.lua:0
034.111  000.001  000.001: sourcing nvim_exec2() called at /home/douglas/.config/nvim/init.lua:0
034.113  000.001  000.001: sourcing nvim_exec2() called at /home/douglas/.config/nvim/init.lua:0
034.115  000.001  000.001: sourcing nvim_exec2() called at /home/douglas/.config/nvim/init.lua:0
034.117  000.001  000.001: sourcing nvim_exec2() called at /home/douglas/.config/nvim/init.lua:0
034.120  000.001  000.001: sourcing nvim_exec2() called at /home/douglas/.config/nvim/init.lua:0
034.122  000.001  000.001: sourcing nvim_exec2() called at /home/douglas/.config/nvim/init.lua:0
034.124  000.001  000.001: sourcing nvim_exec2() called at /home/douglas/.config/nvim/init.lua:0
034.127  000.001  000.001: sourcing nvim_exec2() called at /home/douglas/.config/nvim/init.lua:0
034.129  000.001  000.001: sourcing nvim_exec2() called at /home/douglas/.config/nvim/init.lua:0
034.131  000.001  000.001: sourcing nvim_exec2() called at /home/douglas/.config/nvim/init.lua:0
034.133  000.001  000.001: sourcing nvim_exec2() called at /home/douglas/.config/nvim/init.lua:0
034.136  000.001  000.001: sourcing nvim_exec2() called at /home/douglas/.config/nvim/init.lua:0
034.152  000.001  000.001: sourcing nvim_exec2() called at /home/douglas/.config/nvim/init.lua:0
034.154  000.001  000.001: sourcing nvim_exec2() called at /home/douglas/.config/nvim/init.lua:0
034.157  000.001  000.001: sourcing nvim_exec2() called at /home/douglas/.config/nvim/init.lua:0
034.159  000.001  000.001: sourcing nvim_exec2() called at /home/douglas/.config/nvim/init.lua:0
034.161  000.001  000.001: sourcing nvim_exec2() called at /home/douglas/.config/nvim/init.lua:0
034.163  000.001  000.001: sourcing nvim_exec2() called at /home/douglas/.config/nvim/init.lua:0
034.166  000.001  000.001: sourcing nvim_exec2() called at /home/douglas/.config/nvim/init.lua:0
034.168  000.001  000.001: sourcing nvim_exec2() called at /home/douglas/.config/nvim/init.lua:0
034.170  000.001  000.001: sourcing nvim_exec2() called at /home/douglas/.config/nvim/init.lua:0
034.172  000.001  000.001: sourcing nvim_exec2() called at /home/douglas/.config/nvim/init.lua:0
034.175  000.001  000.001: sourcing nvim_exec2() called at /home/douglas/.config/nvim/init.lua:0
034.177  000.001  000.001: sourcing nvim_exec2() called at /home/douglas/.config/nvim/init.lua:0
034.179  000.001  000.001: sourcing nvim_exec2() called at /home/douglas/.config/nvim/init.lua:0
034.181  000.001  000.001: sourcing nvim_exec2() called at /home/douglas/.config/nvim/init.lua:0
034.183  000.001  000.001: sourcing nvim_exec2() called at /home/douglas/.config/nvim/init.lua:0
034.186  000.001  000.001: sourcing nvim_exec2() called at /home/douglas/.config/nvim/init.lua:0
034.188  000.001  000.001: sourcing nvim_exec2() called at /home/douglas/.config/nvim/init.lua:0
034.190  000.001  000.001: sourcing nvim_exec2() called at /home/douglas/.config/nvim/init.lua:0
034.192  000.001  000.001: sourcing nvim_exec2() called at /home/douglas/.config/nvim/init.lua:0
034.201  000.002  000.002: sourcing nvim_exec2() called at /home/douglas/.config/nvim/init.lua:0
034.208  000.001  000.001: sourcing nvim_exec2() called at /home/douglas/.config/nvim/init.lua:0
034.240  000.002  000.002: sourcing nvim_exec2() called at /home/douglas/.config/nvim/init.lua:0
034.247  000.002  000.002: sourcing nvim_exec2() called at /home/douglas/.config/nvim/init.lua:0
034.252  000.001  000.001: sourcing nvim_exec2() called at /home/douglas/.config/nvim/init.lua:0
034.256  000.001  000.001: sourcing nvim_exec2() called at /home/douglas/.config/nvim/init.lua:0
034.261  000.001  000.001: sourcing nvim_exec2() called at /home/douglas/.config/nvim/init.lua:0
034.265  000.001  000.001: sourcing nvim_exec2() called at /home/douglas/.config/nvim/init.lua:0
034.269  000.001  000.001: sourcing nvim_exec2() called at /home/douglas/.config/nvim/init.lua:0
034.275  000.001  000.001: sourcing nvim_exec2() called at /home/douglas/.config/nvim/init.lua:0
034.279  000.001  000.001: sourcing nvim_exec2() called at /home/douglas/.config/nvim/init.lua:0
034.283  000.001  000.001: sourcing nvim_exec2() called at /home/douglas/.config/nvim/init.lua:0
034.287  000.001  000.001: sourcing nvim_exec2() called at /home/douglas/.config/nvim/init.lua:0
034.292  000.001  000.001: sourcing nvim_exec2() called at /home/douglas/.config/nvim/init.lua:0
034.296  000.001  000.001: sourcing nvim_exec2() called at /home/douglas/.config/nvim/init.lua:0
034.307  000.001  000.001: sourcing nvim_exec2() called at /home/douglas/.config/nvim/init.lua:0
034.311  000.001  000.001: sourcing nvim_exec2() called at /home/douglas/.config/nvim/init.lua:0
034.316  000.001  000.001: sourcing nvim_exec2() called at /home/douglas/.config/nvim/init.lua:0
034.331  000.001  000.001: sourcing nvim_exec2() called at /home/douglas/.config/nvim/init.lua:0
034.335  000.001  000.001: sourcing nvim_exec2() called at /home/douglas/.config/nvim/init.lua:0
034.339  000.001  000.001: sourcing nvim_exec2() called at /home/douglas/.config/nvim/init.lua:0
034.344  000.001  000.001: sourcing nvim_exec2() called at /home/douglas/.config/nvim/init.lua:0
034.352  000.006  000.006: sourcing nvim_exec2() called at /home/douglas/.config/nvim/init.lua:0
034.422  000.004  000.004: sourcing nvim_exec2() called at /home/douglas/.config/nvim/init.lua:0
034.427  000.002  000.002: sourcing nvim_exec2() called at /home/douglas/.config/nvim/init.lua:0
034.521  000.003  000.003: sourcing nvim_exec2() called at /home/douglas/.config/nvim/init.lua:0
034.527  000.001  000.001: sourcing nvim_exec2() called at /home/douglas/.config/nvim/init.lua:0
034.532  000.001  000.001: sourcing nvim_exec2() called at /home/douglas/.config/nvim/init.lua:0
034.536  000.001  000.001: sourcing nvim_exec2() called at /home/douglas/.config/nvim/init.lua:0
034.540  000.001  000.001: sourcing nvim_exec2() called at /home/douglas/.config/nvim/init.lua:0
034.544  000.001  000.001: sourcing nvim_exec2() called at /home/douglas/.config/nvim/init.lua:0
034.548  000.001  000.001: sourcing nvim_exec2() called at /home/douglas/.config/nvim/init.lua:0
034.555  000.001  000.001: sourcing nvim_exec2() called at /home/douglas/.config/nvim/init.lua:0
034.560  000.001  000.001: sourcing nvim_exec2() called at /home/douglas/.config/nvim/init.lua:0
034.564  000.001  000.001: sourcing nvim_exec2() called at /home/douglas/.config/nvim/init.lua:0
034.568  000.001  000.001: sourcing nvim_exec2() called at /home/douglas/.config/nvim/init.lua:0
034.573  000.001  000.001: sourcing nvim_exec2() called at /home/douglas/.config/nvim/init.lua:0
034.577  000.001  000.001: sourcing nvim_exec2() called at /home/douglas/.config/nvim/init.lua:0
034.581  000.001  000.001: sourcing nvim_exec2() called at /home/douglas/.config/nvim/init.lua:0
034.616  000.002  000.002: sourcing nvim_exec2() called at /home/douglas/.config/nvim/init.lua:0
034.621  000.001  000.001: sourcing nvim_exec2() called at /home/douglas/.config/nvim/init.lua:0
034.625  000.001  000.001: sourcing nvim_exec2() called at /home/douglas/.config/nvim/init.lua:0
034.629  000.001  000.001: sourcing nvim_exec2() called at /home/douglas/.config/nvim/init.lua:0
034.634  000.001  000.001: sourcing nvim_exec2() called at /home/douglas/.config/nvim/init.lua:0
034.650  000.001  000.001: sourcing nvim_exec2() called at /home/douglas/.config/nvim/init.lua:0
034.655  000.001  000.001: sourcing nvim_exec2() called at /home/douglas/.config/nvim/init.lua:0
034.662  000.004  000.004: sourcing nvim_exec2() called at /home/douglas/.config/nvim/init.lua:0
034.667  000.001  000.001: sourcing nvim_exec2() called at /home/douglas/.config/nvim/init.lua:0
034.671  000.002  000.002: sourcing nvim_exec2() called at /home/douglas/.config/nvim/init.lua:0
034.675  000.002  000.002: sourcing nvim_exec2() called at /home/douglas/.config/nvim/init.lua:0
034.750  000.003  000.003: sourcing nvim_exec2() called at /home/douglas/.config/nvim/init.lua:0
034.756  000.001  000.001: sourcing nvim_exec2() called at /home/douglas/.config/nvim/init.lua:0
034.761  000.001  000.001: sourcing nvim_exec2() called at /home/douglas/.config/nvim/init.lua:0
034.766  000.001  000.001: sourcing nvim_exec2() called at /home/douglas/.config/nvim/init.lua:0
034.770  000.001  000.001: sourcing nvim_exec2() called at /home/douglas/.config/nvim/init.lua:0
034.775  000.001  000.001: sourcing nvim_exec2() called at /home/douglas/.config/nvim/init.lua:0
034.779  000.001  000.001: sourcing nvim_exec2() called at /home/douglas/.config/nvim/init.lua:0
034.806  000.002  000.002: sourcing nvim_exec2() called at /home/douglas/.config/nvim/init.lua:0
034.811  000.001  000.001: sourcing nvim_exec2() called at /home/douglas/.config/nvim/init.lua:0
034.816  000.001  000.001: sourcing nvim_exec2() called at /home/douglas/.config/nvim/init.lua:0
034.821  000.001  000.001: sourcing nvim_exec2() called at /home/douglas/.config/nvim/init.lua:0
034.825  000.001  000.001: sourcing nvim_exec2() called at /home/douglas/.config/nvim/init.lua:0
034.830  000.001  000.001: sourcing nvim_exec2() called at /home/douglas/.config/nvim/init.lua:0
034.834  000.001  000.001: sourcing nvim_exec2() called at /home/douglas/.config/nvim/init.lua:0
034.859  000.002  000.002: sourcing nvim_exec2() called at /home/douglas/.config/nvim/init.lua:0
034.864  000.001  000.001: sourcing nvim_exec2() called at /home/douglas/.config/nvim/init.lua:0
034.868  000.001  000.001: sourcing nvim_exec2() called at /home/douglas/.config/nvim/init.lua:0
034.872  000.001  000.001: sourcing nvim_exec2() called at /home/douglas/.config/nvim/init.lua:0
034.876  000.001  000.001: sourcing nvim_exec2() called at /home/douglas/.config/nvim/init.lua:0
034.881  000.001  000.001: sourcing nvim_exec2() called at /home/douglas/.config/nvim/init.lua:0
034.885  000.001  000.001: sourcing nvim_exec2() called at /home/douglas/.config/nvim/init.lua:0
034.915  000.002  000.002: sourcing nvim_exec2() called at /home/douglas/.config/nvim/init.lua:0
034.921  000.001  000.001: sourcing nvim_exec2() called at /home/douglas/.config/nvim/init.lua:0
034.926  000.001  000.001: sourcing nvim_exec2() called at /home/douglas/.config/nvim/init.lua:0
034.930  000.001  000.001: sourcing nvim_exec2() called at /home/douglas/.config/nvim/init.lua:0
034.934  000.001  000.001: sourcing nvim_exec2() called at /home/douglas/.config/nvim/init.lua:0
034.938  000.001  000.001: sourcing nvim_exec2() called at /home/douglas/.config/nvim/init.lua:0
034.942  000.001  000.001: sourcing nvim_exec2() called at /home/douglas/.config/nvim/init.lua:0
034.989  000.003  000.003: sourcing nvim_exec2() called at /home/douglas/.config/nvim/init.lua:0
034.994  000.001  000.001: sourcing nvim_exec2() called at /home/douglas/.config/nvim/init.lua:0
034.999  000.001  000.001: sourcing nvim_exec2() called at /home/douglas/.config/nvim/init.lua:0
035.004  000.001  000.001: sourcing nvim_exec2() called at /home/douglas/.config/nvim/init.lua:0
035.009  000.001  000.001: sourcing nvim_exec2() called at /home/douglas/.config/nvim/init.lua:0
035.014  000.001  000.001: sourcing nvim_exec2() called at /home/douglas/.config/nvim/init.lua:0
035.019  000.002  000.002: sourcing nvim_exec2() called at /home/douglas/.config/nvim/init.lua:0
035.157  000.015  000.015: sourcing nvim_exec2() called at /home/douglas/.config/nvim/init.lua:0
035.179  000.003  000.003: sourcing nvim_exec2() called at /home/douglas/.config/nvim/init.lua:0
035.191  000.009  000.009: sourcing nvim_exec2() called at /home/douglas/.config/nvim/init.lua:0
035.197  000.004  000.004: sourcing nvim_exec2() called at /home/douglas/.config/nvim/init.lua:0
035.203  000.003  000.003: sourcing nvim_exec2() called at /home/douglas/.config/nvim/init.lua:0
035.401  000.184  000.184: require('vim.diagnostic')
036.099  000.062  000.062: require('catppuccin')
036.150  000.028  000.028: require('catppuccin.lib.hashing')
037.041  001.021  000.931: sourcing /home/douglas/.local/share/nvim/lazy/catppuccin/colors/catppuccin.vim
037.216  000.007  000.007: sourcing nvim_exec2() called at ColorScheme Autocommands for "*":0
037.510  000.034  000.034: require('catppuccin.utils.lualine')
037.566  000.054  000.054: require('catppuccin.palettes')
037.593  000.025  000.025: require('catppuccin.palettes.mocha')
037.604  000.003  000.003: sourcing nvim_exec2() called at ColorScheme Autocommands for "*":0
037.607  000.001  000.001: sourcing nvim_exec2() called at ColorScheme Autocommands for "*":0
037.610  000.001  000.001: sourcing nvim_exec2() called at ColorScheme Autocommands for "*":0
037.612  000.001  000.001: sourcing nvim_exec2() called at ColorScheme Autocommands for "*":0
037.614  000.001  000.001: sourcing nvim_exec2() called at ColorScheme Autocommands for "*":0
037.616  000.001  000.001: sourcing nvim_exec2() called at ColorScheme Autocommands for "*":0
037.619  000.001  000.001: sourcing nvim_exec2() called at ColorScheme Autocommands for "*":0
037.633  000.001  000.001: sourcing nvim_exec2() called at ColorScheme Autocommands for "*":0
037.636  000.001  000.001: sourcing nvim_exec2() called at ColorScheme Autocommands for "*":0
037.638  000.001  000.001: sourcing nvim_exec2() called at ColorScheme Autocommands for "*":0
037.640  000.001  000.001: sourcing nvim_exec2() called at ColorScheme Autocommands for "*":0
037.642  000.001  000.001: sourcing nvim_exec2() called at ColorScheme Autocommands for "*":0
037.644  000.001  000.001: sourcing nvim_exec2() called at ColorScheme Autocommands for "*":0
037.647  000.001  000.001: sourcing nvim_exec2() called at ColorScheme Autocommands for "*":0
037.649  000.001  000.001: sourcing nvim_exec2() called at ColorScheme Autocommands for "*":0
037.651  000.001  000.001: sourcing nvim_exec2() called at ColorScheme Autocommands for "*":0
037.653  000.001  000.001: sourcing nvim_exec2() called at ColorScheme Autocommands for "*":0
037.655  000.001  000.001: sourcing nvim_exec2() called at ColorScheme Autocommands for "*":0
037.657  000.001  000.001: sourcing nvim_exec2() called at ColorScheme Autocommands for "*":0
037.659  000.001  000.001: sourcing nvim_exec2() called at ColorScheme Autocommands for "*":0
037.662  000.001  000.001: sourcing nvim_exec2() called at ColorScheme Autocommands for "*":0
037.664  000.001  000.001: sourcing nvim_exec2() called at ColorScheme Autocommands for "*":0
037.666  000.001  000.001: sourcing nvim_exec2() called at ColorScheme Autocommands for "*":0
037.668  000.001  000.001: sourcing nvim_exec2() called at ColorScheme Autocommands for "*":0
037.670  000.001  000.001: sourcing nvim_exec2() called at ColorScheme Autocommands for "*":0
037.673  000.001  000.001: sourcing nvim_exec2() called at ColorScheme Autocommands for "*":0
037.675  000.001  000.001: sourcing nvim_exec2() called at ColorScheme Autocommands for "*":0
037.677  000.001  000.001: sourcing nvim_exec2() called at ColorScheme Autocommands for "*":0
037.680  000.001  000.001: sourcing nvim_exec2() called at ColorScheme Autocommands for "*":0
037.682  000.001  000.001: sourcing nvim_exec2() called at ColorScheme Autocommands for "*":0
037.684  000.001  000.001: sourcing nvim_exec2() called at ColorScheme Autocommands for "*":0
037.686  000.001  000.001: sourcing nvim_exec2() called at ColorScheme Autocommands for "*":0
037.689  000.001  000.001: sourcing nvim_exec2() called at ColorScheme Autocommands for "*":0
037.691  000.001  000.001: sourcing nvim_exec2() called at ColorScheme Autocommands for "*":0
037.693  000.001  000.001: sourcing nvim_exec2() called at ColorScheme Autocommands for "*":0
037.695  000.001  000.001: sourcing nvim_exec2() called at ColorScheme Autocommands for "*":0
037.698  000.001  000.001: sourcing nvim_exec2() called at ColorScheme Autocommands for "*":0
037.700  000.001  000.001: sourcing nvim_exec2() called at ColorScheme Autocommands for "*":0
037.702  000.001  000.001: sourcing nvim_exec2() called at ColorScheme Autocommands for "*":0
037.704  000.001  000.001: sourcing nvim_exec2() called at ColorScheme Autocommands for "*":0
037.706  000.001  000.001: sourcing nvim_exec2() called at ColorScheme Autocommands for "*":0
037.709  000.001  000.001: sourcing nvim_exec2() called at ColorScheme Autocommands for "*":0
037.711  000.001  000.001: sourcing nvim_exec2() called at ColorScheme Autocommands for "*":0
037.713  000.001  000.001: sourcing nvim_exec2() called at ColorScheme Autocommands for "*":0
037.715  000.001  000.001: sourcing nvim_exec2() called at ColorScheme Autocommands for "*":0
037.717  000.001  000.001: sourcing nvim_exec2() called at ColorScheme Autocommands for "*":0
037.720  000.001  000.001: sourcing nvim_exec2() called at ColorScheme Autocommands for "*":0
037.722  000.001  000.001: sourcing nvim_exec2() called at ColorScheme Autocommands for "*":0
037.724  000.001  000.001: sourcing nvim_exec2() called at ColorScheme Autocommands for "*":0
037.726  000.001  000.001: sourcing nvim_exec2() called at ColorScheme Autocommands for "*":0
037.728  000.001  000.001: sourcing nvim_exec2() called at ColorScheme Autocommands for "*":0
037.731  000.001  000.001: sourcing nvim_exec2() called at ColorScheme Autocommands for "*":0
037.733  000.001  000.001: sourcing nvim_exec2() called at ColorScheme Autocommands for "*":0
037.735  000.001  000.001: sourcing nvim_exec2() called at ColorScheme Autocommands for "*":0
037.737  000.001  000.001: sourcing nvim_exec2() called at ColorScheme Autocommands for "*":0
037.739  000.001  000.001: sourcing nvim_exec2() called at ColorScheme Autocommands for "*":0
037.742  000.001  000.001: sourcing nvim_exec2() called at ColorScheme Autocommands for "*":0
037.744  000.001  000.001: sourcing nvim_exec2() called at ColorScheme Autocommands for "*":0
037.746  000.001  000.001: sourcing nvim_exec2() called at ColorScheme Autocommands for "*":0
037.748  000.001  000.001: sourcing nvim_exec2() called at ColorScheme Autocommands for "*":0
037.750  000.001  000.001: sourcing nvim_exec2() called at ColorScheme Autocommands for "*":0
037.753  000.001  000.001: sourcing nvim_exec2() called at ColorScheme Autocommands for "*":0
037.755  000.001  000.001: sourcing nvim_exec2() called at ColorScheme Autocommands for "*":0
037.757  000.001  000.001: sourcing nvim_exec2() called at ColorScheme Autocommands for "*":0
037.759  000.001  000.001: sourcing nvim_exec2() called at ColorScheme Autocommands for "*":0
037.761  000.001  000.001: sourcing nvim_exec2() called at ColorScheme Autocommands for "*":0
037.763  000.001  000.001: sourcing nvim_exec2() called at ColorScheme Autocommands for "*":0
037.765  000.001  000.001: sourcing nvim_exec2() called at ColorScheme Autocommands for "*":0
037.767  000.001  000.001: sourcing nvim_exec2() called at ColorScheme Autocommands for "*":0
037.770  000.001  000.001: sourcing nvim_exec2() called at ColorScheme Autocommands for "*":0
037.772  000.001  000.001: sourcing nvim_exec2() called at ColorScheme Autocommands for "*":0
037.774  000.001  000.001: sourcing nvim_exec2() called at ColorScheme Autocommands for "*":0
037.776  000.001  000.001: sourcing nvim_exec2() called at ColorScheme Autocommands for "*":0
037.778  000.001  000.001: sourcing nvim_exec2() called at ColorScheme Autocommands for "*":0
037.780  000.001  000.001: sourcing nvim_exec2() called at ColorScheme Autocommands for "*":0
037.782  000.001  000.001: sourcing nvim_exec2() called at ColorScheme Autocommands for "*":0
037.785  000.001  000.001: sourcing nvim_exec2() called at ColorScheme Autocommands for "*":0
037.787  000.001  000.001: sourcing nvim_exec2() called at ColorScheme Autocommands for "*":0
037.789  000.001  000.001: sourcing nvim_exec2() called at ColorScheme Autocommands for "*":0
037.791  000.001  000.001: sourcing nvim_exec2() called at ColorScheme Autocommands for "*":0
037.793  000.001  000.001: sourcing nvim_exec2() called at ColorScheme Autocommands for "*":0
037.795  000.001  000.001: sourcing nvim_exec2() called at ColorScheme Autocommands for "*":0
037.798  000.001  000.001: sourcing nvim_exec2() called at ColorScheme Autocommands for "*":0
037.800  000.001  000.001: sourcing nvim_exec2() called at ColorScheme Autocommands for "*":0
037.802  000.001  000.001: sourcing nvim_exec2() called at ColorScheme Autocommands for "*":0
037.810  000.003  000.003: sourcing nvim_exec2() called at ColorScheme Autocommands for "*":0
037.817  000.002  000.002: sourcing nvim_exec2() called at ColorScheme Autocommands for "*":0
037.823  000.002  000.002: sourcing nvim_exec2() called at ColorScheme Autocommands for "*":0
037.828  000.001  000.001: sourcing nvim_exec2() called at ColorScheme Autocommands for "*":0
037.832  000.001  000.001: sourcing nvim_exec2() called at ColorScheme Autocommands for "*":0
037.870  000.002  000.002: sourcing nvim_exec2() called at ColorScheme Autocommands for "*":0
037.875  000.001  000.001: sourcing nvim_exec2() called at ColorScheme Autocommands for "*":0
037.927  000.002  000.002: sourcing nvim_exec2() called at ColorScheme Autocommands for "*":0
037.933  000.001  000.001: sourcing nvim_exec2() called at ColorScheme Autocommands for "*":0
037.946  000.002  000.002: sourcing nvim_exec2() called at ColorScheme Autocommands for "*":0
037.951  000.002  000.002: sourcing nvim_exec2() called at ColorScheme Autocommands for "*":0
037.955  000.001  000.001: sourcing nvim_exec2() called at ColorScheme Autocommands for "*":0
037.959  000.001  000.001: sourcing nvim_exec2() called at ColorScheme Autocommands for "*":0
037.990  000.002  000.002: sourcing nvim_exec2() called at ColorScheme Autocommands for "*":0
037.994  000.002  000.002: sourcing nvim_exec2() called at ColorScheme Autocommands for "*":0
037.998  000.001  000.001: sourcing nvim_exec2() called at ColorScheme Autocommands for "*":0
038.003  000.002  000.002: sourcing nvim_exec2() called at ColorScheme Autocommands for "*":0
038.011  000.006  000.006: sourcing nvim_exec2() called at ColorScheme Autocommands for "*":0
038.043  000.003  000.003: sourcing nvim_exec2() called at ColorScheme Autocommands for "*":0
038.048  000.002  000.002: sourcing nvim_exec2() called at ColorScheme Autocommands for "*":0
038.142  000.003  000.003: sourcing nvim_exec2() called at ColorScheme Autocommands for "*":0
038.147  000.001  000.001: sourcing nvim_exec2() called at ColorScheme Autocommands for "*":0
038.152  000.001  000.001: sourcing nvim_exec2() called at ColorScheme Autocommands for "*":0
038.156  000.001  000.001: sourcing nvim_exec2() called at ColorScheme Autocommands for "*":0
038.160  000.001  000.001: sourcing nvim_exec2() called at ColorScheme Autocommands for "*":0
038.164  000.001  000.001: sourcing nvim_exec2() called at ColorScheme Autocommands for "*":0
038.175  000.007  000.007: sourcing nvim_exec2() called at ColorScheme Autocommands for "*":0
038.181  000.002  000.002: sourcing nvim_exec2() called at ColorScheme Autocommands for "*":0
038.185  000.001  000.001: sourcing nvim_exec2() called at ColorScheme Autocommands for "*":0
038.214  000.002  000.002: sourcing nvim_exec2() called at ColorScheme Autocommands for "*":0
038.219  000.001  000.001: sourcing nvim_exec2() called at ColorScheme Autocommands for "*":0
038.223  000.001  000.001: sourcing nvim_exec2() called at ColorScheme Autocommands for "*":0
038.227  000.001  000.001: sourcing nvim_exec2() called at ColorScheme Autocommands for "*":0
038.232  000.002  000.002: sourcing nvim_exec2() called at ColorScheme Autocommands for "*":0
038.238  000.001  000.001: sourcing nvim_exec2() called at ColorScheme Autocommands for "*":0
038.242  000.001  000.001: sourcing nvim_exec2() called at ColorScheme Autocommands for "*":0
038.247  000.001  000.001: sourcing nvim_exec2() called at ColorScheme Autocommands for "*":0
038.251  000.001  000.001: sourcing nvim_exec2() called at ColorScheme Autocommands for "*":0
038.255  000.001  000.001: sourcing nvim_exec2() called at ColorScheme Autocommands for "*":0
038.259  000.001  000.001: sourcing nvim_exec2() called at ColorScheme Autocommands for "*":0
038.264  000.002  000.002: sourcing nvim_exec2() called at ColorScheme Autocommands for "*":0
038.270  000.004  000.004: sourcing nvim_exec2() called at ColorScheme Autocommands for "*":0
038.275  000.001  000.001: sourcing nvim_exec2() called at ColorScheme Autocommands for "*":0
038.278  000.002  000.002: sourcing nvim_exec2() called at ColorScheme Autocommands for "*":0
038.283  000.003  000.003: sourcing nvim_exec2() called at ColorScheme Autocommands for "*":0
038.401  000.003  000.003: sourcing nvim_exec2() called at ColorScheme Autocommands for "*":0
038.407  000.001  000.001: sourcing nvim_exec2() called at ColorScheme Autocommands for "*":0
038.411  000.001  000.001: sourcing nvim_exec2() called at ColorScheme Autocommands for "*":0
038.415  000.001  000.001: sourcing nvim_exec2() called at ColorScheme Autocommands for "*":0
038.419  000.001  000.001: sourcing nvim_exec2() called at ColorScheme Autocommands for "*":0
038.423  000.001  000.001: sourcing nvim_exec2() called at ColorScheme Autocommands for "*":0
038.427  000.001  000.001: sourcing nvim_exec2() called at ColorScheme Autocommands for "*":0
038.434  000.001  000.001: sourcing nvim_exec2() called at ColorScheme Autocommands for "*":0
038.438  000.001  000.001: sourcing nvim_exec2() called at ColorScheme Autocommands for "*":0
038.442  000.001  000.001: sourcing nvim_exec2() called at ColorScheme Autocommands for "*":0
038.446  000.001  000.001: sourcing nvim_exec2() called at ColorScheme Autocommands for "*":0
038.450  000.001  000.001: sourcing nvim_exec2() called at ColorScheme Autocommands for "*":0
038.470  000.001  000.001: sourcing nvim_exec2() called at ColorScheme Autocommands for "*":0
038.475  000.001  000.001: sourcing nvim_exec2() called at ColorScheme Autocommands for "*":0
038.481  000.002  000.002: sourcing nvim_exec2() called at ColorScheme Autocommands for "*":0
038.485  000.001  000.001: sourcing nvim_exec2() called at ColorScheme Autocommands for "*":0
038.489  000.001  000.001: sourcing nvim_exec2() called at ColorScheme Autocommands for "*":0
038.493  000.001  000.001: sourcing nvim_exec2() called at ColorScheme Autocommands for "*":0
038.497  000.001  000.001: sourcing nvim_exec2() called at ColorScheme Autocommands for "*":0
038.501  000.001  000.001: sourcing nvim_exec2() called at ColorScheme Autocommands for "*":0
038.506  000.002  000.002: sourcing nvim_exec2() called at ColorScheme Autocommands for "*":0
038.518  000.002  000.002: sourcing nvim_exec2() called at ColorScheme Autocommands for "*":0
038.523  000.001  000.001: sourcing nvim_exec2() called at ColorScheme Autocommands for "*":0
038.527  000.001  000.001: sourcing nvim_exec2() called at ColorScheme Autocommands for "*":0
038.530  000.001  000.001: sourcing nvim_exec2() called at ColorScheme Autocommands for "*":0
038.534  000.001  000.001: sourcing nvim_exec2() called at ColorScheme Autocommands for "*":0
038.538  000.001  000.001: sourcing nvim_exec2() called at ColorScheme Autocommands for "*":0
038.544  000.001  000.001: sourcing nvim_exec2() called at ColorScheme Autocommands for "*":0
038.565  000.002  000.002: sourcing nvim_exec2() called at ColorScheme Autocommands for "*":0
038.570  000.001  000.001: sourcing nvim_exec2() called at ColorScheme Autocommands for "*":0
038.575  000.001  000.001: sourcing nvim_exec2() called at ColorScheme Autocommands for "*":0
038.579  000.001  000.001: sourcing nvim_exec2() called at ColorScheme Autocommands for "*":0
038.583  000.001  000.001: sourcing nvim_exec2() called at ColorScheme Autocommands for "*":0
038.606  000.002  000.002: sourcing nvim_exec2() called at ColorScheme Autocommands for "*":0
038.611  000.001  000.001: sourcing nvim_exec2() called at ColorScheme Autocommands for "*":0
038.647  000.007  000.007: sourcing nvim_exec2() called at ColorScheme Autocommands for "*":0
038.655  000.003  000.003: sourcing nvim_exec2() called at ColorScheme Autocommands for "*":0
038.667  000.009  000.009: sourcing nvim_exec2() called at ColorScheme Autocommands for "*":0
038.673  000.004  000.004: sourcing nvim_exec2() called at ColorScheme Autocommands for "*":0
038.678  000.003  000.003: sourcing nvim_exec2() called at ColorScheme Autocommands for "*":0
038.799  000.112  000.112: require('telescope.builtin')
038.910  000.095  000.095: require('vim.lsp.buf')
038.945  035.457  020.686: sourcing /home/douglas/.config/nvim/init.lua
038.950  000.463: sourcing vimrc file(s)
039.091  000.026  000.026: sourcing /home/douglas/.local/share/bob/v0.11.5/share/nvim/runtime/filetype.lua
039.297  000.045  000.045: sourcing /home/douglas/.local/share/bob/v0.11.5/share/nvim/runtime/syntax/synload.vim
039.354  000.191  000.146: sourcing /home/douglas/.local/share/bob/v0.11.5/share/nvim/runtime/syntax/syntax.vim
039.363  000.196: inits 3
040.601  001.238: reading ShaDa
040.726  000.126: opening buffers
040.805  000.078: BufEnter autocommands
040.807  000.002: editing files in windows
040.811  000.004: --- NVIM STARTED ---

--- Startup times for process: Primary (or UI client) ---

times in msec
 clock   self+sourced   self:  sourced script
 clock   elapsed:              other lines

000.002  000.002: --- NVIM STARTING ---
000.125  000.123: event init
000.206  000.081: early init
000.257  000.052: locale set
000.305  000.048: init first window
000.640  000.334: inits 1
000.648  000.009: window checked
000.651  000.003: parsing arguments
001.062  000.034  000.034: require('vim.shared')
001.138  000.031  000.031: require('vim.inspect')
001.182  000.037  000.037: require('vim._options')
001.185  000.120  000.052: require('vim._editor')
001.186  000.178  000.023: require('vim._init_packages')
001.188  000.359: init lua interpreter
003.242  002.054: nvim_ui_attach
003.474  000.232: nvim_set_client_info
003.475  000.001: --- NVIM STARTED ---

--- Startup times for process: Embedded ---

times in msec
 clock   self+sourced   self:  sourced script
 clock   elapsed:              other lines

000.003  000.003: --- NVIM STARTING ---
000.143  000.141: event init
000.235  000.091: early init
000.286  000.051: locale set
000.339  000.053: init first window
000.728  000.389: inits 1
000.743  000.015: window checked
000.745  000.002: parsing arguments
001.302  000.054  000.054: require('vim.shared')
001.405  000.043  000.043: require('vim.inspect')
001.466  000.052  000.052: require('vim._options')
001.469  000.164  000.069: require('vim._editor')
001.470  000.246  000.029: require('vim._init_packages')
001.472  000.480: init lua interpreter
001.535  000.063: expanding arguments
001.560  000.025: inits 2
001.858  000.298: init highlight
001.859  000.001: waiting for UI
001.981  000.122: done waiting for UI
001.985  000.004: clear screen
002.132  000.009  000.009: require('vim.keymap')
003.028  000.165  000.165: sourcing nvim_exec2()
003.171  001.183  001.010: require('vim._defaults')
003.173  000.004: init default mappings & autocommands
003.747  000.053  000.053: sourcing /home/douglas/.local/share/bob/v0.11.5/share/nvim/runtime/ftplugin.vim
003.831  000.024  000.024: sourcing /home/douglas/.local/share/bob/v0.11.5/share/nvim/runtime/indent.vim
004.134  000.041  000.041: require('vim.fs')
004.252  000.114  000.114: require('vim.uri')
004.269  000.212  000.057: require('vim.loader')
004.720  000.432  000.432: require('core.options')
005.452  000.601  000.601: require('lazy')
005.475  000.010  000.010: require('ffi')
005.534  000.055  000.055: require('lazy.stats')
005.622  000.073  000.073: require('lazy.core.util')
005.728  000.104  000.104: require('lazy.core.config')
005.898  000.081  000.081: require('lazy.core.handler')
006.139  000.070  000.070: require('lazy.pkg')
006.143  000.161  000.091: require('lazy.core.meta')
006.149  000.249  000.088: require('lazy.core.plugin')
006.154  000.424  000.094: require('lazy.core.loader')
006.513  000.100  000.100: require('lazy.core.fragments')
007.213  000.045  000.045: require('lazy.core.handler.event')
007.216  000.083  000.038: require('lazy.core.handler.ft')
007.251  000.033  000.033: require('lazy.core.handler.keys')
007.280  000.027  000.027: require('lazy.core.handler.cmd')
007.459  000.004  000.004: sourcing nvim_exec2() called at /home/douglas/.config/nvim/init.lua:0
007.469  000.001  000.001: sourcing nvim_exec2() called at /home/douglas/.config/nvim/init.lua:0
007.482  000.001  000.001: sourcing nvim_exec2() called at /home/douglas/.config/nvim/init.lua:0
007.488  000.001  000.001: sourcing nvim_exec2() called at /home/douglas/.config/nvim/init.lua:0
007.497  000.001  000.001: sourcing nvim_exec2() called at /home/douglas/.config/nvim/init.lua:0
007.503  000.001  000.001: sourcing nvim_exec2() called at /home/douglas/.config/nvim/init.lua:0
007.770  000.116  000.116: sourcing nvim_exec2() called at /home/douglas/.local/share/bob/v0.11.5/share/nvim/runtime/filetype.lua:0
007.775  000.159  000.044: sourcing /home/douglas/.local/share/bob/v0.11.5/share/nvim/runtime/filetype.lua
007.778  000.192  000.033: sourcing nvim_exec2() called at /home/douglas/.config/nvim/init.lua:0
007.833  000.002  000.002: sourcing nvim_exec2() called at /home/douglas/.config/nvim/init.lua:0
007.839  000.001  000.001: sourcing nvim_exec2() called at /home/douglas/.config/nvim/init.lua:0
008.094  000.002  000.002: sourcing nvim_exec2() called at /home/douglas/.config/nvim/init.lua:0
008.101  000.001  000.001: sourcing nvim_exec2() called at /home/douglas/.config/nvim/init.lua:0
008.501  000.059  000.059: require('mason-core.path')
008.678  000.029  000.029: require('mason-core.functional.data')
008.734  000.054  000.054: require('mason-core.functional.function')
008.788  000.047  000.047: require('mason-core.functional.list')
008.846  000.033  000.033: require('mason-core.functional.relation')
008.884  000.035  000.035: require('mason-core.functional.logic')
008.943  000.057  000.057: require('mason-core.functional.number')
008.982  000.035  000.035: require('mason-core.functional.string')
009.024  000.037  000.037: require('mason-core.functional.table')
009.079  000.052  000.052: require('mason-core.functional.type')
009.083  000.489  000.108: require('mason-core.functional')
009.109  000.606  000.117: require('mason-core.platform')
009.173  000.062  000.062: require('mason.settings')
009.175  000.863  000.136: require('mason-core.installer.InstallLocation')
009.349  000.079  000.079: require('mason-core.log')
009.352  000.130  000.051: require('mason-core.EventEmitter')
009.428  000.075  000.075: require('mason-registry.sources')
009.435  000.259  000.053: require('mason-registry')
009.437  001.290  000.168: require('mason')
009.727  000.099  000.099: require('mason.api.command')
010.429  000.297  000.297: require('vim.lsp.log')
010.731  000.298  000.298: require('vim.lsp.protocol')
010.909  000.174  000.174: require('vim.lsp.util')
010.996  000.029  000.029: require('vim.lsp.sync')
011.000  000.089  000.060: require('vim.lsp._changetracking')
011.143  000.032  000.032: require('vim.lsp._transport')
011.169  000.167  000.135: require('vim.lsp.rpc')
011.185  001.298  000.274: require('vim.lsp')
011.410  000.223  000.223: require('lspconfig.util')
011.423  001.606  000.085: sourcing /home/douglas/.local/share/nvim/lazy/nvim-lspconfig/plugin/lspconfig.lua
011.426  001.634  000.028: sourcing nvim_exec2() called at /home/douglas/.config/nvim/init.lua:0
011.432  000.002  000.002: sourcing nvim_exec2() called at /home/douglas/.config/nvim/init.lua:0
011.449  000.001  000.001: sourcing nvim_exec2() called at /home/douglas/.config/nvim/init.lua:0
011.456  000.001  000.001: sourcing nvim_exec2() called at /home/douglas/.config/nvim/init.lua:0
011.461  000.001  000.001: sourcing nvim_exec2() called at /home/douglas/.config/nvim/init.lua:0
011.526  000.023  000.023: require('mason-lspconfig.settings')
011.528  000.055  000.033: require('mason-lspconfig')
011.565  000.032  000.032: require('mason-core.async')
011.665  000.056  000.056: require('mason-core.async.control')
011.724  000.056  000.056: require('mason-core.result')
011.789  000.025  000.025: require('mason-core.async.uv')
011.795  000.069  000.044: require('mason-core.fs')
011.806  000.241  000.059: require('mason-registry.installer')
011.918  000.034  000.034: require('mason-core.optional')
012.055  000.065  000.065: require('mason-core.process')
012.108  000.051  000.051: require('mason-core.spawn')
012.111  000.152  000.036: require('mason-core.installer.managers.powershell')
012.158  000.046  000.046: require('mason.version')
012.161  000.240  000.042: require('mason-core.fetch')
012.199  000.037  000.037: require('mason-core.providers')
012.512  000.136  000.136: require('mason-core.purl')
012.521  000.212  000.076: require('mason-core.package.AbstractPackage')
012.796  000.075  000.075: require('mason-core.installer.compiler.expr')
012.805  000.165  000.090: require('mason-core.installer.compiler.link')
013.078  000.055  000.055: require('mason-core.installer.context.InstallContextCwd')
013.126  000.046  000.046: require('mason-core.installer.context.InstallContextFs')
013.203  000.076  000.076: require('mason-core.installer.context.InstallContextSpawn')
013.257  000.051  000.051: require('mason-core.receipt')
013.272  000.317  000.089: require('mason-core.installer.context')
013.274  000.366  000.048: require('mason-core.installer')
013.313  000.465  000.099: require('mason-core.installer.managers.std')
013.315  000.509  000.044: require('mason-core.installer.compiler.schemas')
013.394  000.078  000.078: require('mason-core.installer.compiler.util')
013.418  000.841  000.089: require('mason-core.installer.compiler')
013.532  000.113  000.113: require('mason-core.installer.linker')
013.539  001.017  000.063: require('mason-core.installer.InstallRunner')
013.621  000.080  000.080: require('mason-core.installer.UninstallRunner')
013.632  001.376  000.068: require('mason-core.package')
013.634  001.433  000.057: require('mason-registry.sources.util')
013.646  001.808  000.064: require('mason-registry.sources.github')
016.945  000.004  000.004: require('vim.F')
017.004  000.025  000.025: require('mason-lspconfig.mappings')
017.007  000.058  000.033: require('mason-lspconfig.features.automatic_enable')
022.814  000.092  000.092: require('mason-lspconfig.notify')
022.838  000.224  000.132: require('mason-lspconfig.api.command')
023.080  000.022  000.022: sourcing /home/douglas/.local/share/nvim/lazy/nvim-web-devicons/plugin/nvim-web-devicons.vim
023.084  000.049  000.027: sourcing nvim_exec2() called at /home/douglas/.config/nvim/init.lua:0
023.088  000.001  000.001: sourcing nvim_exec2() called at /home/douglas/.config/nvim/init.lua:0
023.099  000.001  000.001: sourcing nvim_exec2() called at /home/douglas/.config/nvim/init.lua:0
023.110  000.001  000.001: sourcing nvim_exec2() called at /home/douglas/.config/nvim/init.lua:0
023.121  000.001  000.001: sourcing nvim_exec2() called at /home/douglas/.config/nvim/init.lua:0
023.775  000.170  000.170: require('lualine_require')
024.001  000.875  000.705: require('lualine')
024.104  000.007  000.007: sourcing nvim_exec2() called at /home/douglas/.config/nvim/init.lua:0
024.434  000.051  000.051: require('lualine.highlight')
024.742  000.006  000.006: sourcing nvim_exec2() called at /home/douglas/.config/nvim/init.lua:0
024.760  000.010  000.010: sourcing nvim_exec2() called at /home/douglas/.config/nvim/init.lua:0
024.767  000.002  000.002: sourcing nvim_exec2() called at /home/douglas/.config/nvim/init.lua:0
024.773  000.002  000.002: sourcing nvim_exec2() called at /home/douglas/.config/nvim/init.lua:0
024.778  000.002  000.002: sourcing nvim_exec2() called at /home/douglas/.config/nvim/init.lua:0
024.783  000.001  000.001: sourcing nvim_exec2() called at /home/douglas/.config/nvim/init.lua:0
024.790  000.002  000.002: sourcing nvim_exec2() called at /home/douglas/.config/nvim/init.lua:0
024.804  000.010  000.010: sourcing nvim_exec2() called at /home/douglas/.config/nvim/init.lua:0
024.809  000.002  000.002: sourcing nvim_exec2() called at /home/douglas/.config/nvim/init.lua:0
024.815  000.002  000.002: sourcing nvim_exec2() called at /home/douglas/.config/nvim/init.lua:0
024.820  000.002  000.002: sourcing nvim_exec2() called at /home/douglas/.config/nvim/init.lua:0
024.825  000.001  000.001: sourcing nvim_exec2() called at /home/douglas/.config/nvim/init.lua:0
024.830  000.002  000.002: sourcing nvim_exec2() called at /home/douglas/.config/nvim/init.lua:0
024.836  000.001  000.001: sourcing nvim_exec2() called at /home/douglas/.config/nvim/init.lua:0
024.840  000.001  000.001: sourcing nvim_exec2() called at /home/douglas/.config/nvim/init.lua:0
024.846  000.001  000.001: sourcing nvim_exec2() called at /home/douglas/.config/nvim/init.lua:0
024.851  000.001  000.001: sourcing nvim_exec2() called at /home/douglas/.config/nvim/init.lua:0
024.856  000.001  000.001: sourcing nvim_exec2() called at /home/douglas/.config/nvim/init.lua:0
024.861  000.002  000.002: sourcing nvim_exec2() called at /home/douglas/.config/nvim/init.lua:0
024.879  000.002  000.002: sourcing nvim_exec2() called at /home/douglas/.config/nvim/init.lua:0
024.884  000.001  000.001: sourcing nvim_exec2() called at /home/douglas/.config/nvim/init.lua:0
024.906  000.002  000.002: sourcing nvim_exec2() called at /home/douglas/.config/nvim/init.lua:0
024.915  000.006  000.006: sourcing nvim_exec2() called at /home/douglas/.config/nvim/init.lua:0
025.868  000.032  000.032: require('lualine.utils.mode')
026.134  000.055  000.055: sourcing nvim_exec2() called at /home/douglas/.config/nvim/init.lua:0
026.142  000.004  000.004: sourcing nvim_exec2() called at /home/douglas/.config/nvim/init.lua:0
026.297  000.005  000.005: sourcing nvim_exec2() called at /home/douglas/.config/nvim/init.lua:0
026.304  000.002  000.002: sourcing nvim_exec2() called at /home/douglas/.config/nvim/init.lua:0
026.309  000.002  000.002: sourcing nvim_exec2() called at /home/douglas/.config/nvim/init.lua:0
026.314  000.002  000.002: sourcing nvim_exec2() called at /home/douglas/.config/nvim/init.lua:0
026.319  000.001  000.001: sourcing nvim_exec2() called at /home/douglas/.config/nvim/init.lua:0
026.324  000.001  000.001: sourcing nvim_exec2() called at /home/douglas/.config/nvim/init.lua:0
026.328  000.001  000.001: sourcing nvim_exec2() called at /home/douglas/.config/nvim/init.lua:0
026.335  000.002  000.002: sourcing nvim_exec2() called at /home/douglas/.config/nvim/init.lua:0
026.339  000.002  000.002: sourcing nvim_exec2() called at /home/douglas/.config/nvim/init.lua:0
026.344  000.001  000.001: sourcing nvim_exec2() called at /home/douglas/.config/nvim/init.lua:0
026.348  000.002  000.002: sourcing nvim_exec2() called at /home/douglas/.config/nvim/init.lua:0
026.353  000.001  000.001: sourcing nvim_exec2() called at /home/douglas/.config/nvim/init.lua:0
026.358  000.001  000.001: sourcing nvim_exec2() called at /home/douglas/.config/nvim/init.lua:0
026.363  000.001  000.001: sourcing nvim_exec2() called at /home/douglas/.config/nvim/init.lua:0
026.369  000.002  000.002: sourcing nvim_exec2() called at /home/douglas/.config/nvim/init.lua:0
026.374  000.001  000.001: sourcing nvim_exec2() called at /home/douglas/.config/nvim/init.lua:0
026.378  000.001  000.001: sourcing nvim_exec2() called at /home/douglas/.config/nvim/init.lua:0
026.383  000.001  000.001: sourcing nvim_exec2() called at /home/douglas/.config/nvim/init.lua:0
026.387  000.001  000.001: sourcing nvim_exec2() called at /home/douglas/.config/nvim/init.lua:0
026.392  000.001  000.001: sourcing nvim_exec2() called at /home/douglas/.config/nvim/init.lua:0
026.396  000.002  000.002: sourcing nvim_exec2() called at /home/douglas/.config/nvim/init.lua:0
026.497  000.005  000.005: sourcing nvim_exec2() called at /home/douglas/.config/nvim/init.lua:0
026.504  000.002  000.002: sourcing nvim_exec2() called at /home/douglas/.config/nvim/init.lua:0
026.527  000.002  000.002: sourcing nvim_exec2() called at /home/douglas/.config/nvim/init.lua:0
026.532  000.003  000.003: sourcing nvim_exec2() called at /home/douglas/.config/nvim/init.lua:0
026.810  000.004  000.004: sourcing nvim_exec2() called at /home/douglas/.config/nvim/init.lua:0
026.832  000.002  000.002: sourcing nvim_exec2() called at /home/douglas/.config/nvim/init.lua:0
026.839  000.002  000.002: sourcing nvim_exec2() called at /home/douglas/.config/nvim/init.lua:0
026.844  000.001  000.001: sourcing nvim_exec2() called at /home/douglas/.config/nvim/init.lua:0
026.849  000.002  000.002: sourcing nvim_exec2() called at /home/douglas/.config/nvim/init.lua:0
026.855  000.001  000.001: sourcing nvim_exec2() called at /home/douglas/.config/nvim/init.lua:0
026.860  000.001  000.001: sourcing nvim_exec2() called at /home/douglas/.config/nvim/init.lua:0
026.869  000.002  000.002: sourcing nvim_exec2() called at /home/douglas/.config/nvim/init.lua:0
026.874  000.001  000.001: sourcing nvim_exec2() called at /home/douglas/.config/nvim/init.lua:0
026.880  000.002  000.002: sourcing nvim_exec2() called at /home/douglas/.config/nvim/init.lua:0
026.885  000.002  000.002: sourcing nvim_exec2() called at /home/douglas/.config/nvim/init.lua:0
026.890  000.001  000.001: sourcing nvim_exec2() called at /home/douglas/.config/nvim/init.lua:0
026.896  000.001  000.001: sourcing nvim_exec2() called at /home/douglas/.config/nvim/init.lua:0
026.901  000.001  000.001: sourcing nvim_exec2() called at /home/douglas/.config/nvim/init.lua:0
026.909  000.002  000.002: sourcing nvim_exec2() called at /home/douglas/.config/nvim/init.lua:0
026.913  000.002  000.002: sourcing nvim_exec2() called at /home/douglas/.config/nvim/init.lua:0
026.920  000.001  000.001: sourcing nvim_exec2() called at /home/douglas/.config/nvim/init.lua:0
026.924  000.001  000.001: sourcing nvim_exec2() called at /home/douglas/.config/nvim/init.lua:0
026.928  000.001  000.001: sourcing nvim_exec2() called at /home/douglas/.config/nvim/init.lua:0
026.934  000.001  000.001: sourcing nvim_exec2() called at /home/douglas/.config/nvim/init.lua:0
026.966  000.029  000.029: sourcing nvim_exec2() called at /home/douglas/.config/nvim/init.lua:0
026.992  000.002  000.002: sourcing nvim_exec2() called at /home/douglas/.config/nvim/init.lua:0
027.012  000.002  000.002: sourcing nvim_exec2() called at /home/douglas/.config/nvim/init.lua:0
027.017  000.001  000.001: sourcing nvim_exec2() called at /home/douglas/.config/nvim/init.lua:0
027.023  000.002  000.002: sourcing nvim_exec2() called at /home/douglas/.config/nvim/init.lua:0
027.028  000.001  000.001: sourcing nvim_exec2() called at /home/douglas/.config/nvim/init.lua:0
027.032  000.002  000.002: sourcing nvim_exec2() called at /home/douglas/.config/nvim/init.lua:0
027.039  000.001  000.001: sourcing nvim_exec2() called at /home/douglas/.config/nvim/init.lua:0
027.101  000.006  000.006: sourcing nvim_exec2() called at /home/douglas/.config/nvim/init.lua:0
027.116  000.003  000.003: sourcing nvim_exec2() called at /home/douglas/.config/nvim/init.lua:0
027.129  000.010  000.010: sourcing nvim_exec2() called at /home/douglas/.config/nvim/init.lua:0
027.136  000.005  000.005: sourcing nvim_exec2() called at /home/douglas/.config/nvim/init.lua:0
027.141  000.003  000.003: sourcing nvim_exec2() called at /home/douglas/.config/nvim/init.lua:0
027.821  000.510  000.510: require('auto-save.config')
027.895  000.029  000.029: require('auto-save.utils.data')
027.932  000.035  000.035: require('auto-save.utils.colors')
027.959  000.026  000.026: require('auto-save.utils.echo')
027.964  000.138  000.049: require('auto-save')
027.975  000.699  000.050: sourcing /home/douglas/.local/share/nvim/lazy/auto-save.nvim/plugin/auto-save.lua
027.978  000.725  000.026: sourcing nvim_exec2() called at /home/douglas/.config/nvim/init.lua:0
027.984  000.002  000.002: sourcing nvim_exec2() called at /home/douglas/.config/nvim/init.lua:0
027.991  000.001  000.001: sourcing nvim_exec2() called at /home/douglas/.config/nvim/init.lua:0
028.427  000.032  000.032: require('vim.treesitter.language')
028.456  000.026  000.026: require('vim.func')
028.496  000.037  000.037: require('vim.func._memoize')
028.517  000.193  000.097: require('vim.treesitter.query')
028.553  000.035  000.035: require('vim.treesitter._range')
028.564  000.325  000.097: require('vim.treesitter.languagetree')
028.568  000.378  000.052: require('vim.treesitter')
028.749  000.610  000.232: sourcing /home/douglas/.local/share/nvim/lazy/nvim-treesitter/plugin/filetypes.lua
028.754  000.637  000.027: sourcing nvim_exec2() called at /home/douglas/.config/nvim/init.lua:0
028.838  000.051  000.051: sourcing /home/douglas/.local/share/nvim/lazy/nvim-treesitter/plugin/nvim-treesitter.lua
028.841  000.078  000.027: sourcing nvim_exec2() called at /home/douglas/.config/nvim/init.lua:0
028.893  000.028  000.028: sourcing /home/douglas/.local/share/nvim/lazy/nvim-treesitter/plugin/query_predicates.lua
028.895  000.051  000.023: sourcing nvim_exec2() called at /home/douglas/.config/nvim/init.lua:0
028.899  000.001  000.001: sourcing nvim_exec2() called at /home/douglas/.config/nvim/init.lua:0
028.906  000.001  000.001: sourcing nvim_exec2() called at /home/douglas/.config/nvim/init.lua:0
029.332  000.017  000.017: sourcing /home/douglas/.local/share/nvim/lazy/plenary.nvim/plugin/plenary.vim
029.336  000.043  000.025: sourcing nvim_exec2() called at /home/douglas/.config/nvim/init.lua:0
029.340  000.001  000.001: sourcing nvim_exec2() called at /home/douglas/.config/nvim/init.lua:0
029.349  000.001  000.001: sourcing nvim_exec2() called at /home/douglas/.config/nvim/init.lua:0
029.524  000.137  000.137: sourcing /home/douglas/.local/share/nvim/lazy/telescope.nvim/plugin/telescope.lua
029.528  000.164  000.027: sourcing nvim_exec2() called at /home/douglas/.config/nvim/init.lua:0
029.532  000.002  000.002: sourcing nvim_exec2() called at /home/douglas/.config/nvim/init.lua:0
029.542  000.001  000.001: sourcing nvim_exec2() called at /home/douglas/.config/nvim/init.lua:0
029.904  000.002  000.002: sourcing nvim_exec2() called at /home/douglas/.config/nvim/init.lua:0
029.911  000.001  000.001: sourcing nvim_exec2() called at /home/douglas/.config/nvim/init.lua:0
030.023  000.070  000.070: sourcing /home/douglas/.local/share/nvim/lazy/neo-tree.nvim/plugin/neo-tree.lua
030.026  000.095  000.025: sourcing nvim_exec2() called at /home/douglas/.config/nvim/init.lua:0
030.030  000.001  000.001: sourcing nvim_exec2() called at /home/douglas/.config/nvim/init.lua:0
030.037  000.001  000.001: sourcing nvim_exec2() called at /home/douglas/.config/nvim/init.lua:0
030.271  000.231  000.231: require('neo-tree')
030.366  000.093  000.093: require('neo-tree.log')
030.498  000.034  000.034: sourcing /home/douglas/.local/share/bob/v0.11.5/share/nvim/runtime/plugin/editorconfig.lua
030.502  000.064  000.030: sourcing nvim_exec2() called at /home/douglas/.config/nvim/init.lua:0
030.664  000.127  000.127: sourcing /home/douglas/.local/share/bob/v0.11.5/share/nvim/runtime/plugin/gzip.vim
030.667  000.160  000.033: sourcing nvim_exec2() called at /home/douglas/.config/nvim/init.lua:0
030.746  000.047  000.047: sourcing /home/douglas/.local/share/bob/v0.11.5/share/nvim/runtime/plugin/man.lua
030.750  000.078  000.031: sourcing nvim_exec2() called at /home/douglas/.config/nvim/init.lua:0
031.254  000.117  000.117: sourcing /home/douglas/.local/share/bob/v0.11.5/share/nvim/runtime/pack/dist/opt/matchit/plugin/matchit.vim
031.270  000.489  000.372: sourcing /home/douglas/.local/share/bob/v0.11.5/share/nvim/runtime/plugin/matchit.vim
031.272  000.520  000.030: sourcing nvim_exec2() called at /home/douglas/.config/nvim/init.lua:0
031.391  000.087  000.087: sourcing /home/douglas/.local/share/bob/v0.11.5/share/nvim/runtime/plugin/matchparen.vim
031.394  000.115  000.028: sourcing nvim_exec2() called at /home/douglas/.config/nvim/init.lua:0
031.913  000.159  000.159: sourcing /home/douglas/.local/share/bob/v0.11.5/share/nvim/runtime/pack/dist/opt/netrw/plugin/netrwPlugin.vim
031.930  000.507  000.347: sourcing /home/douglas/.local/share/bob/v0.11.5/share/nvim/runtime/plugin/netrwPlugin.vim
031.932  000.535  000.029: sourcing nvim_exec2() called at /home/douglas/.config/nvim/init.lua:0
032.034  000.060  000.060: sourcing /home/douglas/.local/share/bob/v0.11.5/share/nvim/runtime/plugin/osc52.lua
032.037  000.101  000.040: sourcing nvim_exec2() called at /home/douglas/.config/nvim/init.lua:0
032.167  000.094  000.094: sourcing /home/douglas/.local/share/bob/v0.11.5/share/nvim/runtime/plugin/rplugin.vim
032.170  000.127  000.034: sourcing nvim_exec2() called at /home/douglas/.config/nvim/init.lua:0
032.241  000.033  000.033: sourcing /home/douglas/.local/share/bob/v0.11.5/share/nvim/runtime/plugin/shada.vim
032.244  000.069  000.036: sourcing nvim_exec2() called at /home/douglas/.config/nvim/init.lua:0
032.299  000.012  000.012: sourcing /home/douglas/.local/share/bob/v0.11.5/share/nvim/runtime/plugin/spellfile.vim
032.302  000.048  000.037: sourcing nvim_exec2() called at /home/douglas/.config/nvim/init.lua:0
032.399  000.059  000.059: sourcing /home/douglas/.local/share/bob/v0.11.5/share/nvim/runtime/plugin/tarPlugin.vim
032.402  000.092  000.033: sourcing nvim_exec2() called at /home/douglas/.config/nvim/init.lua:0
032.477  000.031  000.031: sourcing /home/douglas/.local/share/bob/v0.11.5/share/nvim/runtime/plugin/tohtml.lua
032.480  000.071  000.040: sourcing nvim_exec2() called at /home/douglas/.config/nvim/init.lua:0
032.532  000.013  000.013: sourcing /home/douglas/.local/share/bob/v0.11.5/share/nvim/runtime/plugin/tutor.vim
032.534  000.046  000.033: sourcing nvim_exec2() called at /home/douglas/.config/nvim/init.lua:0
032.685  000.094  000.094: sourcing /home/douglas/.local/share/bob/v0.11.5/share/nvim/runtime/plugin/zipPlugin.vim
032.689  000.127  000.032: sourcing nvim_exec2() called at /home/douglas/.config/nvim/init.lua:0
032.842  028.063  015.327: require('plugins.main')
033.256  000.196  000.196: require('vim.diagnostic')
033.589  000.011  000.011: sourcing nvim_exec2() called at /home/douglas/.config/nvim/init.lua:0
034.060  000.003  000.003: sourcing nvim_exec2() called at /home/douglas/.config/nvim/init.lua:0
034.065  000.001  000.001: sourcing nvim_exec2() called at /home/douglas/.config/nvim/init.lua:0
034.067  000.001  000.001: sourcing nvim_exec2() called at /home/douglas/.config/nvim/init.lua:0
034.082  000.001  000.001: sourcing nvim_exec2() called at /home/douglas/.config/nvim/init.lua:0
034.085  000.001  000.001: sourcing nvim_exec2() called at /home/douglas/.config/nvim/init.lua:0
034.088  000.001  000.001: sourcing nvim_exec2() called at /home/douglas/.config/nvim/init.lua:0
034.091  000.001  000.001: sourcing nvim_exec2() called at /home/douglas/.config/nvim/init.lua:0
034.094  000.001  000.001: sourcing nvim_exec2() called at /home/douglas/.config/nvim/init.lua:0
034.096  000.001  000.001: sourcing nvim_exec2() called at /home/douglas/.config/nvim/init.lua:0
034.099  000.001  000.001: sourcing nvim_exec2() called at /home/douglas/.config/nvim/init.lua:0
034.102  000.001  000.001: sourcing nvim_exec2() called at /home/douglas/.config/nvim/init.lua:0
034.105  000.001  000.001: sourcing nvim_exec2() called at /home/douglas/.config/nvim/init.lua:0
034.108  000.001  000.001: sourcing nvim_exec2() called at /home/douglas/.config/nvim/init.lua:0
034.111  000.001  000.001: sourcing nvim_exec2() called at /home/douglas/.config/nvim/init.lua:0
034.113  000.001  000.001: sourcing nvim_exec2() called at /home/douglas/.config/nvim/init.lua:0
034.115  000.001  000.001: sourcing nvim_exec2() called at /home/douglas/.config/nvim/init.lua:0
034.120  000.001  000.001: sourcing nvim_exec2() called at /home/douglas/.config/nvim/init.lua:0
034.123  000.001  000.001: sourcing nvim_exec2() called at /home/douglas/.config/nvim/init.lua:0
034.125  000.001  000.001: sourcing nvim_exec2() called at /home/douglas/.config/nvim/init.lua:0
034.127  000.001  000.001: sourcing nvim_exec2() called at /home/douglas/.config/nvim/init.lua:0
034.130  000.001  000.001: sourcing nvim_exec2() called at /home/douglas/.config/nvim/init.lua:0
034.132  000.001  000.001: sourcing nvim_exec2() called at /home/douglas/.config/nvim/init.lua:0
034.148  000.001  000.001: sourcing nvim_exec2() called at /home/douglas/.config/nvim/init.lua:0
034.150  000.001  000.001: sourcing nvim_exec2() called at /home/douglas/.config/nvim/init.lua:0
034.165  000.001  000.001: sourcing nvim_exec2() called at /home/douglas/.config/nvim/init.lua:0
034.167  000.001  000.001: sourcing nvim_exec2() called at /home/douglas/.config/nvim/init.lua:0
034.170  000.001  000.001: sourcing nvim_exec2() called at /home/douglas/.config/nvim/init.lua:0
034.174  000.001  000.001: sourcing nvim_exec2() called at /home/douglas/.config/nvim/init.lua:0
034.176  000.001  000.001: sourcing nvim_exec2() called at /home/douglas/.config/nvim/init.lua:0
034.178  000.001  000.001: sourcing nvim_exec2() called at /home/douglas/.config/nvim/init.lua:0
034.181  000.001  000.001: sourcing nvim_exec2() called at /home/douglas/.config/nvim/init.lua:0
034.183  000.001  000.001: sourcing nvim_exec2() called at /home/douglas/.config/nvim/init.lua:0
034.186  000.001  000.001: sourcing nvim_exec2() called at /home/douglas/.config/nvim/init.lua:0
034.188  000.001  000.001: sourcing nvim_exec2() called at /home/douglas/.config/nvim/init.lua:0
034.190  000.001  000.001: sourcing nvim_exec2() called at /home/douglas/.config/nvim/init.lua:0
034.192  000.001  000.001: sourcing nvim_exec2() called at /home/douglas/.config/nvim/init.lua:0
034.195  000.001  000.001: sourcing nvim_exec2() called at /home/douglas/.config/nvim/init.lua:0
034.197  000.001  000.001: sourcing nvim_exec2() called at /home/douglas/.config/nvim/init.lua:0
034.199  000.001  000.001: sourcing nvim_exec2() called at /home/douglas/.config/nvim/init.lua:0
034.201  000.001  000.001: sourcing nvim_exec2() called at /home/douglas/.config/nvim/init.lua:0
034.203  000.001  000.001: sourcing nvim_exec2() called at /home/douglas/.config/nvim/init.lua:0
034.206  000.001  000.001: sourcing nvim_exec2() called at /home/douglas/.config/nvim/init.lua:0
034.208  000.001  000.001: sourcing nvim_exec2() called at /home/douglas/.config/nvim/init.lua:0
034.210  000.001  000.001: sourcing nvim_exec2() called at /home/douglas/.config/nvim/init.lua:0
034.212  000.001  000.001: sourcing nvim_exec2() called at /home/douglas/.config/nvim/init.lua:0
034.216  000.001  000.001: sourcing nvim_exec2() called at /home/douglas/.config/nvim/init.lua:0
034.219  000.001  000.001: sourcing nvim_exec2() called at /home/douglas/.config/nvim/init.lua:0
034.221  000.001  000.001: sourcing nvim_exec2() called at /home/douglas/.config/nvim/init.lua:0
034.223  000.001  000.001: sourcing nvim_exec2() called at /home/douglas/.config/nvim/init.lua:0
034.226  000.001  000.001: sourcing nvim_exec2() called at /home/douglas/.config/nvim/init.lua:0
034.228  000.001  000.001: sourcing nvim_exec2() called at /home/douglas/.config/nvim/init.lua:0
034.230  000.001  000.001: sourcing nvim_exec2() called at /home/douglas/.config/nvim/init.lua:0
034.232  000.001  000.001: sourcing nvim_exec2() called at /home/douglas/.config/nvim/init.lua:0
034.234  000.001  000.001: sourcing nvim_exec2() called at /home/douglas/.config/nvim/init.lua:0
034.237  000.001  000.001: sourcing nvim_exec2() called at /home/douglas/.config/nvim/init.lua:0
034.239  000.001  000.001: sourcing nvim_exec2() called at /home/douglas/.config/nvim/init.lua:0
034.241  000.001  000.001: sourcing nvim_exec2() called at /home/douglas/.config/nvim/init.lua:0
034.243  000.001  000.001: sourcing nvim_exec2() called at /home/douglas/.config/nvim/init.lua:0
034.245  000.001  000.001: sourcing nvim_exec2() called at /home/douglas/.config/nvim/init.lua:0
034.248  000.001  000.001: sourcing nvim_exec2() called at /home/douglas/.config/nvim/init.lua:0
034.250  000.001  000.001: sourcing nvim_exec2() called at /home/douglas/.config/nvim/init.lua:0
034.252  000.001  000.001: sourcing nvim_exec2() called at /home/douglas/.config/nvim/init.lua:0
034.254  000.001  000.001: sourcing nvim_exec2() called at /home/douglas/.config/nvim/init.lua:0
034.257  000.001  000.001: sourcing nvim_exec2() called at /home/douglas/.config/nvim/init.lua:0
034.261  000.001  000.001: sourcing nvim_exec2() called at /home/douglas/.config/nvim/init.lua:0
034.263  000.001  000.001: sourcing nvim_exec2() called at /home/douglas/.config/nvim/init.lua:0
034.265  000.001  000.001: sourcing nvim_exec2() called at /home/douglas/.config/nvim/init.lua:0
034.267  000.001  000.001: sourcing nvim_exec2() called at /home/douglas/.config/nvim/init.lua:0
034.269  000.001  000.001: sourcing nvim_exec2() called at /home/douglas/.config/nvim/init.lua:0
034.271  000.001  000.001: sourcing nvim_exec2() called at /home/douglas/.config/nvim/init.lua:0
034.274  000.001  000.001: sourcing nvim_exec2() called at /home/douglas/.config/nvim/init.lua:0
034.283  000.002  000.002: sourcing nvim_exec2() called at /home/douglas/.config/nvim/init.lua:0
034.291  000.001  000.001: sourcing nvim_exec2() called at /home/douglas/.config/nvim/init.lua:0
034.296  000.001  000.001: sourcing nvim_exec2() called at /home/douglas/.config/nvim/init.lua:0
034.308  000.002  000.002: sourcing nvim_exec2() called at /home/douglas/.config/nvim/init.lua:0
034.313  000.001  000.001: sourcing nvim_exec2() called at /home/douglas/.config/nvim/init.lua:0
034.317  000.001  000.001: sourcing nvim_exec2() called at /home/douglas/.config/nvim/init.lua:0
034.324  000.001  000.001: sourcing nvim_exec2() called at /home/douglas/.config/nvim/init.lua:0
034.382  000.002  000.002: sourcing nvim_exec2() called at /home/douglas/.config/nvim/init.lua:0
034.388  000.001  000.001: sourcing nvim_exec2() called at /home/douglas/.config/nvim/init.lua:0
034.396  000.001  000.001: sourcing nvim_exec2() called at /home/douglas/.config/nvim/init.lua:0
034.458  000.002  000.002: sourcing nvim_exec2() called at /home/douglas/.config/nvim/init.lua:0
034.463  000.001  000.001: sourcing nvim_exec2() called at /home/douglas/.config/nvim/init.lua:0
034.470  000.002  000.002: sourcing nvim_exec2() called at /home/douglas/.config/nvim/init.lua:0
034.474  000.001  000.001: sourcing nvim_exec2() called at /home/douglas/.config/nvim/init.lua:0
034.478  000.001  000.001: sourcing nvim_exec2() called at /home/douglas/.config/nvim/init.lua:0
034.485  000.001  000.001: sourcing nvim_exec2() called at /home/douglas/.config/nvim/init.lua:0
034.489  000.001  000.001: sourcing nvim_exec2() called at /home/douglas/.config/nvim/init.lua:0
034.504  000.001  000.001: sourcing nvim_exec2() called at /home/douglas/.config/nvim/init.lua:0
034.509  000.001  000.001: sourcing nvim_exec2() called at /home/douglas/.config/nvim/init.lua:0
034.513  000.001  000.001: sourcing nvim_exec2() called at /home/douglas/.config/nvim/init.lua:0
034.519  000.001  000.001: sourcing nvim_exec2() called at /home/douglas/.config/nvim/init.lua:0
034.523  000.001  000.001: sourcing nvim_exec2() called at /home/douglas/.config/nvim/init.lua:0
034.531  000.006  000.006: sourcing nvim_exec2() called at /home/douglas/.config/nvim/init.lua:0
034.559  000.003  000.003: sourcing nvim_exec2() called at /home/douglas/.config/nvim/init.lua:0
034.566  000.002  000.002: sourcing nvim_exec2() called at /home/douglas/.config/nvim/init.lua:0
034.571  000.001  000.001: sourcing nvim_exec2() called at /home/douglas/.config/nvim/init.lua:0
034.578  000.002  000.002: sourcing nvim_exec2() called at /home/douglas/.config/nvim/init.lua:0
034.583  000.001  000.001: sourcing nvim_exec2() called at /home/douglas/.config/nvim/init.lua:0
034.590  000.001  000.001: sourcing nvim_exec2() called at /home/douglas/.config/nvim/init.lua:0
034.594  000.001  000.001: sourcing nvim_exec2() called at /home/douglas/.config/nvim/init.lua:0
034.680  000.003  000.003: sourcing nvim_exec2() called at /home/douglas/.config/nvim/init.lua:0
034.698  000.003  000.003: sourcing nvim_exec2() called at /home/douglas/.config/nvim/init.lua:0
034.797  000.003  000.003: sourcing nvim_exec2() called at /home/douglas/.config/nvim/init.lua:0
034.804  000.001  000.001: sourcing nvim_exec2() called at /home/douglas/.config/nvim/init.lua:0
034.810  000.001  000.001: sourcing nvim_exec2() called at /home/douglas/.config/nvim/init.lua:0
034.831  000.001  000.001: sourcing nvim_exec2() called at /home/douglas/.config/nvim/init.lua:0
034.845  000.001  000.001: sourcing nvim_exec2() called at /home/douglas/.config/nvim/init.lua:0
034.860  000.001  000.001: sourcing nvim_exec2() called at /home/douglas/.config/nvim/init.lua:0
034.873  000.001  000.001: sourcing nvim_exec2() called at /home/douglas/.config/nvim/init.lua:0
034.926  000.002  000.002: sourcing nvim_exec2() called at /home/douglas/.config/nvim/init.lua:0
034.931  000.002  000.002: sourcing nvim_exec2() called at /home/douglas/.config/nvim/init.lua:0
034.936  000.001  000.001: sourcing nvim_exec2() called at /home/douglas/.config/nvim/init.lua:0
034.942  000.001  000.001: sourcing nvim_exec2() called at /home/douglas/.config/nvim/init.lua:0
034.946  000.001  000.001: sourcing nvim_exec2() called at /home/douglas/.config/nvim/init.lua:0
034.950  000.001  000.001: sourcing nvim_exec2() called at /home/douglas/.config/nvim/init.lua:0
034.955  000.001  000.001: sourcing nvim_exec2() called at /home/douglas/.config/nvim/init.lua:0
034.961  000.001  000.001: sourcing nvim_exec2() called at /home/douglas/.config/nvim/init.lua:0
034.967  000.001  000.001: sourcing nvim_exec2() called at /home/douglas/.config/nvim/init.lua:0
034.971  000.001  000.001: sourcing nvim_exec2() called at /home/douglas/.config/nvim/init.lua:0
034.975  000.001  000.001: sourcing nvim_exec2() called at /home/douglas/.config/nvim/init.lua:0
034.981  000.001  000.001: sourcing nvim_exec2() called at /home/douglas/.config/nvim/init.lua:0
034.985  000.001  000.001: sourcing nvim_exec2() called at /home/douglas/.config/nvim/init.lua:0
034.989  000.001  000.001: sourcing nvim_exec2() called at /home/douglas/.config/nvim/init.lua:0
034.997  000.004  000.004: sourcing nvim_exec2() called at /home/douglas/.config/nvim/init.lua:0
035.002  000.001  000.001: sourcing nvim_exec2() called at /home/douglas/.config/nvim/init.lua:0
035.006  000.002  000.002: sourcing nvim_exec2() called at /home/douglas/.config/nvim/init.lua:0
035.010  000.003  000.003: sourcing nvim_exec2() called at /home/douglas/.config/nvim/init.lua:0
035.040  000.002  000.002: sourcing nvim_exec2() called at /home/douglas/.config/nvim/init.lua:0
035.060  000.002  000.002: sourcing nvim_exec2() called at /home/douglas/.config/nvim/init.lua:0
035.065  000.002  000.002: sourcing nvim_exec2() called at /home/douglas/.config/nvim/init.lua:0
035.071  000.001  000.001: sourcing nvim_exec2() called at /home/douglas/.config/nvim/init.lua:0
035.076  000.001  000.001: sourcing nvim_exec2() called at /home/douglas/.config/nvim/init.lua:0
035.080  000.001  000.001: sourcing nvim_exec2() called at /home/douglas/.config/nvim/init.lua:0
035.086  000.002  000.002: sourcing nvim_exec2() called at /home/douglas/.config/nvim/init.lua:0
035.094  000.002  000.002: sourcing nvim_exec2() called at /home/douglas/.config/nvim/init.lua:0
035.102  000.001  000.001: sourcing nvim_exec2() called at /home/douglas/.config/nvim/init.lua:0
035.107  000.002  000.002: sourcing nvim_exec2() called at /home/douglas/.config/nvim/init.lua:0
035.113  000.002  000.002: sourcing nvim_exec2() called at /home/douglas/.config/nvim/init.lua:0
035.118  000.001  000.001: sourcing nvim_exec2() called at /home/douglas/.config/nvim/init.lua:0
035.122  000.001  000.001: sourcing nvim_exec2() called at /home/douglas/.config/nvim/init.lua:0
035.133  000.001  000.001: sourcing nvim_exec2() called at /home/douglas/.config/nvim/init.lua:0
035.139  000.001  000.001: sourcing nvim_exec2() called at /home/douglas/.config/nvim/init.lua:0
035.145  000.001  000.001: sourcing nvim_exec2() called at /home/douglas/.config/nvim/init.lua:0
035.149  000.001  000.001: sourcing nvim_exec2() called at /home/douglas/.config/nvim/init.lua:0
035.153  000.001  000.001: sourcing nvim_exec2() called at /home/douglas/.config/nvim/init.lua:0
035.159  000.001  000.001: sourcing nvim_exec2() called at /home/douglas/.config/nvim/init.lua:0
035.162  000.001  000.001: sourcing nvim_exec2() called at /home/douglas/.config/nvim/init.lua:0
035.166  000.001  000.001: sourcing nvim_exec2() called at /home/douglas/.config/nvim/init.lua:0
035.173  000.001  000.001: sourcing nvim_exec2() called at /home/douglas/.config/nvim/init.lua:0
035.177  000.001  000.001: sourcing nvim_exec2() called at /home/douglas/.config/nvim/init.lua:0
035.181  000.001  000.001: sourcing nvim_exec2() called at /home/douglas/.config/nvim/init.lua:0
035.187  000.001  000.001: sourcing nvim_exec2() called at /home/douglas/.config/nvim/init.lua:0
035.190  000.001  000.001: sourcing nvim_exec2() called at /home/douglas/.config/nvim/init.lua:0
035.194  000.001  000.001: sourcing nvim_exec2() called at /home/douglas/.config/nvim/init.lua:0
035.200  000.001  000.001: sourcing nvim_exec2() called at /home/douglas/.config/nvim/init.lua:0
035.237  000.014  000.014: sourcing nvim_exec2() called at /home/douglas/.config/nvim/init.lua:0
035.252  000.003  000.003: sourcing nvim_exec2() called at /home/douglas/.config/nvim/init.lua:0
035.263  000.009  000.009: sourcing nvim_exec2() called at /home/douglas/.config/nvim/init.lua:0
035.270  000.005  000.005: sourcing nvim_exec2() called at /home/douglas/.config/nvim/init.lua:0
035.276  000.003  000.003: sourcing nvim_exec2() called at /home/douglas/.config/nvim/init.lua:0
035.302  002.458  002.012: require('core.diagnostics')
036.033  000.083  000.083: require('catppuccin')
036.090  000.030  000.030: require('catppuccin.lib.hashing')
037.106  001.167  001.054: sourcing /home/douglas/.local/share/nvim/lazy/catppuccin/colors/catppuccin.vim
037.173  000.007  000.007: sourcing nvim_exec2() called at ColorScheme Autocommands for "*":0
037.473  000.038  000.038: require('catppuccin.utils.lualine')
037.534  000.059  000.059: require('catppuccin.palettes')
037.570  000.034  000.034: require('catppuccin.palettes.mocha')
037.584  000.003  000.003: sourcing nvim_exec2() called at ColorScheme Autocommands for "*":0
037.587  000.001  000.001: sourcing nvim_exec2() called at ColorScheme Autocommands for "*":0
037.589  000.001  000.001: sourcing nvim_exec2() called at ColorScheme Autocommands for "*":0
037.592  000.001  000.001: sourcing nvim_exec2() called at ColorScheme Autocommands for "*":0
037.594  000.001  000.001: sourcing nvim_exec2() called at ColorScheme Autocommands for "*":0
037.596  000.001  000.001: sourcing nvim_exec2() called at ColorScheme Autocommands for "*":0
037.610  000.001  000.001: sourcing nvim_exec2() called at ColorScheme Autocommands for "*":0
037.613  000.001  000.001: sourcing nvim_exec2() called at ColorScheme Autocommands for "*":0
037.615  000.001  000.001: sourcing nvim_exec2() called at ColorScheme Autocommands for "*":0
037.617  000.001  000.001: sourcing nvim_exec2() called at ColorScheme Autocommands for "*":0
037.619  000.001  000.001: sourcing nvim_exec2() called at ColorScheme Autocommands for "*":0
037.622  000.001  000.001: sourcing nvim_exec2() called at ColorScheme Autocommands for "*":0
037.624  000.001  000.001: sourcing nvim_exec2() called at ColorScheme Autocommands for "*":0
037.626  000.001  000.001: sourcing nvim_exec2() called at ColorScheme Autocommands for "*":0
037.628  000.001  000.001: sourcing nvim_exec2() called at ColorScheme Autocommands for "*":0
037.631  000.001  000.001: sourcing nvim_exec2() called at ColorScheme Autocommands for "*":0
037.635  000.001  000.001: sourcing nvim_exec2() called at ColorScheme Autocommands for "*":0
037.637  000.001  000.001: sourcing nvim_exec2() called at ColorScheme Autocommands for "*":0
037.639  000.001  000.001: sourcing nvim_exec2() called at ColorScheme Autocommands for "*":0
037.642  000.001  000.001: sourcing nvim_exec2() called at ColorScheme Autocommands for "*":0
037.644  000.001  000.001: sourcing nvim_exec2() called at ColorScheme Autocommands for "*":0
037.646  000.001  000.001: sourcing nvim_exec2() called at ColorScheme Autocommands for "*":0
037.648  000.001  000.001: sourcing nvim_exec2() called at ColorScheme Autocommands for "*":0
037.650  000.001  000.001: sourcing nvim_exec2() called at ColorScheme Autocommands for "*":0
037.653  000.001  000.001: sourcing nvim_exec2() called at ColorScheme Autocommands for "*":0
037.655  000.001  000.001: sourcing nvim_exec2() called at ColorScheme Autocommands for "*":0
037.657  000.001  000.001: sourcing nvim_exec2() called at ColorScheme Autocommands for "*":0
037.659  000.001  000.001: sourcing nvim_exec2() called at ColorScheme Autocommands for "*":0
037.661  000.001  000.001: sourcing nvim_exec2() called at ColorScheme Autocommands for "*":0
037.664  000.001  000.001: sourcing nvim_exec2() called at ColorScheme Autocommands for "*":0
037.666  000.001  000.001: sourcing nvim_exec2() called at ColorScheme Autocommands for "*":0
037.668  000.001  000.001: sourcing nvim_exec2() called at ColorScheme Autocommands for "*":0
037.670  000.001  000.001: sourcing nvim_exec2() called at ColorScheme Autocommands for "*":0
037.672  000.001  000.001: sourcing nvim_exec2() called at ColorScheme Autocommands for "*":0
037.675  000.001  000.001: sourcing nvim_exec2() called at ColorScheme Autocommands for "*":0
037.677  000.001  000.001: sourcing nvim_exec2() called at ColorScheme Autocommands for "*":0
037.679  000.001  000.001: sourcing nvim_exec2() called at ColorScheme Autocommands for "*":0
037.681  000.001  000.001: sourcing nvim_exec2() called at ColorScheme Autocommands for "*":0
037.683  000.001  000.001: sourcing nvim_exec2() called at ColorScheme Autocommands for "*":0
037.685  000.001  000.001: sourcing nvim_exec2() called at ColorScheme Autocommands for "*":0
037.688  000.001  000.001: sourcing nvim_exec2() called at ColorScheme Autocommands for "*":0
037.690  000.001  000.001: sourcing nvim_exec2() called at ColorScheme Autocommands for "*":0
037.692  000.001  000.001: sourcing nvim_exec2() called at ColorScheme Autocommands for "*":0
037.694  000.001  000.001: sourcing nvim_exec2() called at ColorScheme Autocommands for "*":0
037.696  000.001  000.001: sourcing nvim_exec2() called at ColorScheme Autocommands for "*":0
037.700  000.001  000.001: sourcing nvim_exec2() called at ColorScheme Autocommands for "*":0
037.713  000.001  000.001: sourcing nvim_exec2() called at ColorScheme Autocommands for "*":0
037.715  000.001  000.001: sourcing nvim_exec2() called at ColorScheme Autocommands for "*":0
037.717  000.001  000.001: sourcing nvim_exec2() called at ColorScheme Autocommands for "*":0
037.720  000.001  000.001: sourcing nvim_exec2() called at ColorScheme Autocommands for "*":0
037.722  000.001  000.001: sourcing nvim_exec2() called at ColorScheme Autocommands for "*":0
037.724  000.001  000.001: sourcing nvim_exec2() called at ColorScheme Autocommands for "*":0
037.727  000.001  000.001: sourcing nvim_exec2() called at ColorScheme Autocommands for "*":0
037.729  000.001  000.001: sourcing nvim_exec2() called at ColorScheme Autocommands for "*":0
037.731  000.001  000.001: sourcing nvim_exec2() called at ColorScheme Autocommands for "*":0
037.733  000.001  000.001: sourcing nvim_exec2() called at ColorScheme Autocommands for "*":0
037.736  000.001  000.001: sourcing nvim_exec2() called at ColorScheme Autocommands for "*":0
037.738  000.001  000.001: sourcing nvim_exec2() called at ColorScheme Autocommands for "*":0
037.740  000.001  000.001: sourcing nvim_exec2() called at ColorScheme Autocommands for "*":0
037.743  000.001  000.001: sourcing nvim_exec2() called at ColorScheme Autocommands for "*":0
037.745  000.001  000.001: sourcing nvim_exec2() called at ColorScheme Autocommands for "*":0
037.747  000.001  000.001: sourcing nvim_exec2() called at ColorScheme Autocommands for "*":0
037.749  000.001  000.001: sourcing nvim_exec2() called at ColorScheme Autocommands for "*":0
037.751  000.001  000.001: sourcing nvim_exec2() called at ColorScheme Autocommands for "*":0
037.753  000.001  000.001: sourcing nvim_exec2() called at ColorScheme Autocommands for "*":0
037.756  000.001  000.001: sourcing nvim_exec2() called at ColorScheme Autocommands for "*":0
037.760  000.001  000.001: sourcing nvim_exec2() called at ColorScheme Autocommands for "*":0
037.762  000.001  000.001: sourcing nvim_exec2() called at ColorScheme Autocommands for "*":0
037.764  000.001  000.001: sourcing nvim_exec2() called at ColorScheme Autocommands for "*":0
037.767  000.001  000.001: sourcing nvim_exec2() called at ColorScheme Autocommands for "*":0
037.769  000.001  000.001: sourcing nvim_exec2() called at ColorScheme Autocommands for "*":0
037.771  000.001  000.001: sourcing nvim_exec2() called at ColorScheme Autocommands for "*":0
037.773  000.001  000.001: sourcing nvim_exec2() called at ColorScheme Autocommands for "*":0
037.775  000.001  000.001: sourcing nvim_exec2() called at ColorScheme Autocommands for "*":0
037.777  000.001  000.001: sourcing nvim_exec2() called at ColorScheme Autocommands for "*":0
037.779  000.001  000.001: sourcing nvim_exec2() called at ColorScheme Autocommands for "*":0
037.782  000.001  000.001: sourcing nvim_exec2() called at ColorScheme Autocommands for "*":0
037.784  000.001  000.001: sourcing nvim_exec2() called at ColorScheme Autocommands for "*":0
037.786  000.001  000.001: sourcing nvim_exec2() called at ColorScheme Autocommands for "*":0
037.788  000.001  000.001: sourcing nvim_exec2() called at ColorScheme Autocommands for "*":0
037.790  000.001  000.001: sourcing nvim_exec2() called at ColorScheme Autocommands for "*":0
037.793  000.001  000.001: sourcing nvim_exec2() called at ColorScheme Autocommands for "*":0
037.795  000.001  000.001: sourcing nvim_exec2() called at ColorScheme Autocommands for "*":0
037.797  000.001  000.001: sourcing nvim_exec2() called at ColorScheme Autocommands for "*":0
037.799  000.001  000.001: sourcing nvim_exec2() called at ColorScheme Autocommands for "*":0
037.826  000.003  000.003: sourcing nvim_exec2() called at ColorScheme Autocommands for "*":0
037.833  000.002  000.002: sourcing nvim_exec2() called at ColorScheme Autocommands for "*":0
037.839  000.002  000.002: sourcing nvim_exec2() called at ColorScheme Autocommands for "*":0
037.846  000.001  000.001: sourcing nvim_exec2() called at ColorScheme Autocommands for "*":0
037.898  000.002  000.002: sourcing nvim_exec2() called at ColorScheme Autocommands for "*":0
037.904  000.002  000.002: sourcing nvim_exec2() called at ColorScheme Autocommands for "*":0
037.912  000.002  000.002: sourcing nvim_exec2() called at ColorScheme Autocommands for "*":0
037.916  000.001  000.001: sourcing nvim_exec2() called at ColorScheme Autocommands for "*":0
037.931  000.002  000.002: sourcing nvim_exec2() called at ColorScheme Autocommands for "*":0
037.938  000.001  000.001: sourcing nvim_exec2() called at ColorScheme Autocommands for "*":0
037.943  000.002  000.002: sourcing nvim_exec2() called at ColorScheme Autocommands for "*":0
037.947  000.001  000.001: sourcing nvim_exec2() called at ColorScheme Autocommands for "*":0
037.994  000.003  000.003: sourcing nvim_exec2() called at ColorScheme Autocommands for "*":0
038.001  000.001  000.001: sourcing nvim_exec2() called at ColorScheme Autocommands for "*":0
038.006  000.001  000.001: sourcing nvim_exec2() called at ColorScheme Autocommands for "*":0
038.016  000.007  000.007: sourcing nvim_exec2() called at ColorScheme Autocommands for "*":0
038.023  000.002  000.002: sourcing nvim_exec2() called at ColorScheme Autocommands for "*":0
038.031  000.006  000.006: sourcing nvim_exec2() called at ColorScheme Autocommands for "*":0
038.066  000.002  000.002: sourcing nvim_exec2() called at ColorScheme Autocommands for "*":0
038.073  000.001  000.001: sourcing nvim_exec2() called at ColorScheme Autocommands for "*":0
038.078  000.001  000.001: sourcing nvim_exec2() called at ColorScheme Autocommands for "*":0
038.082  000.001  000.001: sourcing nvim_exec2() called at ColorScheme Autocommands for "*":0
038.089  000.001  000.001: sourcing nvim_exec2() called at ColorScheme Autocommands for "*":0
038.093  000.001  000.001: sourcing nvim_exec2() called at ColorScheme Autocommands for "*":0
038.098  000.001  000.001: sourcing nvim_exec2() called at ColorScheme Autocommands for "*":0
038.248  000.004  000.004: sourcing nvim_exec2() called at ColorScheme Autocommands for "*":0
038.271  000.003  000.003: sourcing nvim_exec2() called at ColorScheme Autocommands for "*":0
038.315  000.002  000.002: sourcing nvim_exec2() called at ColorScheme Autocommands for "*":0
038.320  000.001  000.001: sourcing nvim_exec2() called at ColorScheme Autocommands for "*":0
038.327  000.001  000.001: sourcing nvim_exec2() called at ColorScheme Autocommands for "*":0
038.331  000.001  000.001: sourcing nvim_exec2() called at ColorScheme Autocommands for "*":0
038.335  000.001  000.001: sourcing nvim_exec2() called at ColorScheme Autocommands for "*":0
038.341  000.001  000.001: sourcing nvim_exec2() called at ColorScheme Autocommands for "*":0
038.346  000.002  000.002: sourcing nvim_exec2() called at ColorScheme Autocommands for "*":0
038.358  000.002  000.002: sourcing nvim_exec2() called at ColorScheme Autocommands for "*":0
038.362  000.001  000.001: sourcing nvim_exec2() called at ColorScheme Autocommands for "*":0
038.368  000.001  000.001: sourcing nvim_exec2() called at ColorScheme Autocommands for "*":0
038.372  000.001  000.001: sourcing nvim_exec2() called at ColorScheme Autocommands for "*":0
038.391  000.001  000.001: sourcing nvim_exec2() called at ColorScheme Autocommands for "*":0
038.397  000.001  000.001: sourcing nvim_exec2() called at ColorScheme Autocommands for "*":0
038.402  000.002  000.002: sourcing nvim_exec2() called at ColorScheme Autocommands for "*":0
038.410  000.001  000.001: sourcing nvim_exec2() called at ColorScheme Autocommands for "*":0
038.414  000.001  000.001: sourcing nvim_exec2() called at ColorScheme Autocommands for "*":0
038.418  000.001  000.001: sourcing nvim_exec2() called at ColorScheme Autocommands for "*":0
038.424  000.001  000.001: sourcing nvim_exec2() called at ColorScheme Autocommands for "*":0
038.428  000.001  000.001: sourcing nvim_exec2() called at ColorScheme Autocommands for "*":0
038.432  000.001  000.001: sourcing nvim_exec2() called at ColorScheme Autocommands for "*":0
038.445  000.002  000.002: sourcing nvim_exec2() called at ColorScheme Autocommands for "*":0
038.452  000.004  000.004: sourcing nvim_exec2() called at ColorScheme Autocommands for "*":0
038.457  000.001  000.001: sourcing nvim_exec2() called at ColorScheme Autocommands for "*":0
038.460  000.002  000.002: sourcing nvim_exec2() called at ColorScheme Autocommands for "*":0
038.464  000.002  000.002: sourcing nvim_exec2() called at ColorScheme Autocommands for "*":0
038.582  000.003  000.003: sourcing nvim_exec2() called at ColorScheme Autocommands for "*":0
038.588  000.001  000.001: sourcing nvim_exec2() called at ColorScheme Autocommands for "*":0
038.594  000.001  000.001: sourcing nvim_exec2() called at ColorScheme Autocommands for "*":0
038.598  000.001  000.001: sourcing nvim_exec2() called at ColorScheme Autocommands for "*":0
038.602  000.001  000.001: sourcing nvim_exec2() called at ColorScheme Autocommands for "*":0
038.608  000.001  000.001: sourcing nvim_exec2() called at ColorScheme Autocommands for "*":0
038.612  000.001  000.001: sourcing nvim_exec2() called at ColorScheme Autocommands for "*":0
038.620  000.001  000.001: sourcing nvim_exec2() called at ColorScheme Autocommands for "*":0
038.624  000.001  000.001: sourcing nvim_exec2() called at ColorScheme Autocommands for "*":0
038.629  000.001  000.001: sourcing nvim_exec2() called at ColorScheme Autocommands for "*":0
038.635  000.001  000.001: sourcing nvim_exec2() called at ColorScheme Autocommands for "*":0
038.639  000.001  000.001: sourcing nvim_exec2() called at ColorScheme Autocommands for "*":0
038.645  000.001  000.001: sourcing nvim_exec2() called at ColorScheme Autocommands for "*":0
038.652  000.001  000.001: sourcing nvim_exec2() called at ColorScheme Autocommands for "*":0
038.658  000.002  000.002: sourcing nvim_exec2() called at ColorScheme Autocommands for "*":0
038.664  000.001  000.001: sourcing nvim_exec2() called at ColorScheme Autocommands for "*":0
038.668  000.001  000.001: sourcing nvim_exec2() called at ColorScheme Autocommands for "*":0
038.672  000.001  000.001: sourcing nvim_exec2() called at ColorScheme Autocommands for "*":0
038.677  000.001  000.001: sourcing nvim_exec2() called at ColorScheme Autocommands for "*":0
038.681  000.001  000.001: sourcing nvim_exec2() called at ColorScheme Autocommands for "*":0
038.686  000.001  000.001: sourcing nvim_exec2() called at ColorScheme Autocommands for "*":0
038.693  000.001  000.001: sourcing nvim_exec2() called at ColorScheme Autocommands for "*":0
038.697  000.001  000.001: sourcing nvim_exec2() called at ColorScheme Autocommands for "*":0
038.715  000.002  000.002: sourcing nvim_exec2() called at ColorScheme Autocommands for "*":0
038.721  000.002  000.002: sourcing nvim_exec2() called at ColorScheme Autocommands for "*":0
038.725  000.001  000.001: sourcing nvim_exec2() called at ColorScheme Autocommands for "*":0
038.731  000.001  000.001: sourcing nvim_exec2() called at ColorScheme Autocommands for "*":0
038.736  000.002  000.002: sourcing nvim_exec2() called at ColorScheme Autocommands for "*":0
038.760  000.009  000.009: sourcing nvim_exec2() called at ColorScheme Autocommands for "*":0
038.769  000.003  000.003: sourcing nvim_exec2() called at ColorScheme Autocommands for "*":0
038.780  000.009  000.009: sourcing nvim_exec2() called at ColorScheme Autocommands for "*":0
038.787  000.004  000.004: sourcing nvim_exec2() called at ColorScheme Autocommands for "*":0
038.792  000.003  000.003: sourcing nvim_exec2() called at ColorScheme Autocommands for "*":0
038.935  000.134  000.134: require('telescope.builtin')
039.074  000.119  000.119: require('vim.lsp.buf')
039.085  035.177  002.208: sourcing /home/douglas/.config/nvim/init.lua
039.090  000.662: sourcing vimrc file(s)
039.232  000.029  000.029: sourcing /home/douglas/.local/share/bob/v0.11.5/share/nvim/runtime/filetype.lua
039.440  000.043  000.043: sourcing /home/douglas/.local/share/bob/v0.11.5/share/nvim/runtime/syntax/synload.vim
039.490  000.180  000.136: sourcing /home/douglas/.local/share/bob/v0.11.5/share/nvim/runtime/syntax/syntax.vim
039.499  000.200: inits 3
040.628  001.129: reading ShaDa
040.744  000.116: opening buffers
040.833  000.089: BufEnter autocommands
040.835  000.002: editing files in windows
040.839  000.004: --- NVIM STARTED ---

--- Startup times for process: Primary (or UI client) ---

times in msec
 clock   self+sourced   self:  sourced script
 clock   elapsed:              other lines

000.002  000.002: --- NVIM STARTING ---
000.128  000.126: event init
000.206  000.078: early init
000.248  000.042: locale set
000.292  000.044: init first window
000.628  000.336: inits 1
000.638  000.010: window checked
000.640  000.002: parsing arguments
001.051  000.032  000.032: require('vim.shared')
001.128  000.030  000.030: require('vim.inspect')
001.170  000.033  000.033: require('vim._options')
001.173  000.119  000.056: require('vim._editor')
001.174  000.172  000.021: require('vim._init_packages')
001.176  000.363: init lua interpreter
003.120  001.944: nvim_ui_attach
003.345  000.226: nvim_set_client_info
003.347  000.001: --- NVIM STARTED ---

--- Startup times for process: Embedded ---

times in msec
 clock   self+sourced   self:  sourced script
 clock   elapsed:              other lines

000.002  000.002: --- NVIM STARTING ---
000.095  000.093: event init
000.162  000.067: early init
000.202  000.040: locale set
000.249  000.047: init first window
000.518  000.269: inits 1
000.530  000.011: window checked
000.531  000.002: parsing arguments
000.917  000.033  000.033: require('vim.shared')
001.000  000.034  000.034: require('vim.inspect')
001.042  000.035  000.035: require('vim._options')
001.045  000.126  000.057: require('vim._editor')
001.046  000.176  000.018: require('vim._init_packages')
001.047  000.339: init lua interpreter
001.095  000.048: expanding arguments
001.109  000.014: inits 2
001.311  000.201: init highlight
001.311  000.001: waiting for UI
001.401  000.090: done waiting for UI
001.405  000.003: clear screen
001.513  000.017  000.017: require('vim.keymap')
002.218  000.110  000.110: sourcing nvim_exec2()
002.330  000.924  000.797: require('vim._defaults')
002.332  000.003: init default mappings & autocommands
002.725  000.033  000.033: sourcing /home/douglas/.local/share/bob/v0.11.5/share/nvim/runtime/ftplugin.vim
002.790  000.017  000.017: sourcing /home/douglas/.local/share/bob/v0.11.5/share/nvim/runtime/indent.vim
002.997  000.058  000.058: require('vim.fs')
003.080  000.080  000.080: require('vim.uri')
003.090  000.172  000.034: require('vim.loader')
003.270  000.169  000.169: require('core.options')
003.956  000.602  000.602: require('lazy')
003.979  000.012  000.012: require('ffi')
004.025  000.042  000.042: require('lazy.stats')
004.118  000.077  000.077: require('lazy.core.util')
004.197  000.077  000.077: require('lazy.core.config')
004.364  000.084  000.084: require('lazy.core.handler')
004.602  000.071  000.071: require('lazy.pkg')
004.606  000.155  000.085: require('lazy.core.meta')
004.612  000.246  000.091: require('lazy.core.plugin')
004.618  000.419  000.088: require('lazy.core.loader')
004.957  000.067  000.067: require('lazy.core.fragments')
005.623  000.080  000.080: require('lazy.core.handler.event')
005.626  000.120  000.040: require('lazy.core.handler.ft')
005.678  000.050  000.050: require('lazy.core.handler.keys')
005.731  000.049  000.049: require('lazy.core.handler.cmd')
005.776  000.004  000.004: sourcing nvim_exec2() called at /home/douglas/.config/nvim/init.lua:0
005.787  000.001  000.001: sourcing nvim_exec2() called at /home/douglas/.config/nvim/init.lua:0
005.802  000.001  000.001: sourcing nvim_exec2() called at /home/douglas/.config/nvim/init.lua:0
005.810  000.001  000.001: sourcing nvim_exec2() called at /home/douglas/.config/nvim/init.lua:0
005.818  000.001  000.001: sourcing nvim_exec2() called at /home/douglas/.config/nvim/init.lua:0
005.824  000.001  000.001: sourcing nvim_exec2() called at /home/douglas/.config/nvim/init.lua:0
006.149  000.108  000.108: sourcing nvim_exec2() called at /home/douglas/.local/share/bob/v0.11.5/share/nvim/runtime/filetype.lua:0
006.155  000.157  000.049: sourcing /home/douglas/.local/share/bob/v0.11.5/share/nvim/runtime/filetype.lua
006.158  000.190  000.034: sourcing nvim_exec2() called at /home/douglas/.config/nvim/init.lua:0
006.227  000.002  000.002: sourcing nvim_exec2() called at /home/douglas/.config/nvim/init.lua:0
006.233  000.001  000.001: sourcing nvim_exec2() called at /home/douglas/.config/nvim/init.lua:0
006.474  000.002  000.002: sourcing nvim_exec2() called at /home/douglas/.config/nvim/init.lua:0
006.481  000.001  000.001: sourcing nvim_exec2() called at /home/douglas/.config/nvim/init.lua:0
006.909  000.027  000.027: require('mason-core.path')
007.059  000.036  000.036: require('mason-core.functional.data')
007.100  000.038  000.038: require('mason-core.functional.function')
007.170  000.051  000.051: require('mason-core.functional.list')
007.246  000.053  000.053: require('mason-core.functional.relation')
007.313  000.064  000.064: require('mason-core.functional.logic')
007.371  000.056  000.056: require('mason-core.functional.number')
007.428  000.053  000.053: require('mason-core.functional.string')
007.470  000.038  000.038: require('mason-core.functional.table')
007.503  000.030  000.030: require('mason-core.functional.type')
007.505  000.560  000.140: require('mason-core.functional')
007.529  000.617  000.057: require('mason-core.platform')
007.577  000.047  000.047: require('mason.settings')
007.582  000.788  000.096: require('mason-core.installer.InstallLocation')
007.740  000.082  000.082: require('mason-core.log')
007.743  000.116  000.034: require('mason-core.EventEmitter')
007.827  000.083  000.083: require('mason-registry.sources')
007.832  000.249  000.050: require('mason-registry')
007.834  001.243  000.206: require('mason')
008.030  000.105  000.105: require('mason.api.command')
008.580  000.169  000.169: require('vim.lsp.log')
008.951  000.368  000.368: require('vim.lsp.protocol')
009.101  000.147  000.147: require('vim.lsp.util')
009.169  000.030  000.030: require('vim.lsp.sync')
009.172  000.069  000.039: require('vim.lsp._changetracking')
009.326  000.033  000.033: require('vim.lsp._transport')
009.353  000.180  000.146: require('vim.lsp.rpc')
009.370  001.182  000.249: require('vim.lsp')
009.598  000.228  000.228: require('lspconfig.util')
009.611  001.507  000.098: sourcing /home/douglas/.local/share/nvim/lazy/nvim-lspconfig/plugin/lspconfig.lua
009.615  001.535  000.028: sourcing nvim_exec2() called at /home/douglas/.config/nvim/init.lua:0
009.620  000.002  000.002: sourcing nvim_exec2() called at /home/douglas/.config/nvim/init.lua:0
009.627  000.001  000.001: sourcing nvim_exec2() called at /home/douglas/.config/nvim/init.lua:0
009.635  000.001  000.001: sourcing nvim_exec2() called at /home/douglas/.config/nvim/init.lua:0
009.640  000.001  000.001: sourcing nvim_exec2() called at /home/douglas/.config/nvim/init.lua:0
009.707  000.023  000.023: require('mason-lspconfig.settings')
009.709  000.056  000.034: require('mason-lspconfig')
009.747  000.033  000.033: require('mason-core.async')
009.817  000.033  000.033: require('mason-core.async.control')
009.854  000.035  000.035: require('mason-core.result')
009.921  000.027  000.027: require('mason-core.async.uv')
009.927  000.071  000.044: require('mason-core.fs')
009.936  000.188  000.049: require('mason-registry.installer')
010.070  000.036  000.036: require('mason-core.optional')
010.247  000.074  000.074: require('mason-core.process')
010.293  000.044  000.044: require('mason-core.spawn')
010.297  000.188  000.071: require('mason-core.installer.managers.powershell')
010.324  000.026  000.026: require('mason.version')
010.326  000.254  000.040: require('mason-core.fetch')
010.362  000.035  000.035: require('mason-core.providers')
010.653  000.142  000.142: require('mason-core.purl')
010.663  000.212  000.070: require('mason-core.package.AbstractPackage')
010.954  000.069  000.069: require('mason-core.installer.compiler.expr')
010.966  000.158  000.088: require('mason-core.installer.compiler.link')
011.239  000.050  000.050: require('mason-core.installer.context.InstallContextCwd')
011.287  000.046  000.046: require('mason-core.installer.context.InstallContextFs')
011.327  000.038  000.038: require('mason-core.installer.context.InstallContextSpawn')
011.384  000.055  000.055: require('mason-core.receipt')
011.399  000.279  000.090: require('mason-core.installer.context')
011.401  000.324  000.045: require('mason-core.installer')
011.418  000.409  000.085: require('mason-core.installer.managers.std')
011.421  000.454  000.044: require('mason-core.installer.compiler.schemas')
011.514  000.092  000.092: require('mason-core.installer.compiler.util')
011.535  000.813  000.110: require('mason-core.installer.compiler')
011.651  000.115  000.115: require('mason-core.installer.linker')
011.655  000.991  000.063: require('mason-core.installer.InstallRunner')
011.765  000.108  000.108: require('mason-core.installer.UninstallRunner')
011.775  001.375  000.063: require('mason-core.package')
011.778  001.415  000.040: require('mason-registry.sources.util')
011.794  001.808  000.068: require('mason-registry.sources.github')
015.186  000.004  000.004: require('vim.F')
015.257  000.032  000.032: require('mason-lspconfig.mappings')
015.259  000.070  000.038: require('mason-lspconfig.features.automatic_enable')
021.233  000.089  000.089: require('mason-lspconfig.notify')
021.256  000.197  000.108: require('mason-lspconfig.api.command')
021.949  000.476  000.476: require('auto-save.config')
022.090  000.066  000.066: require('auto-save.utils.data')
022.143  000.051  000.051: require('auto-save.utils.colors')
022.183  000.039  000.039: require('auto-save.utils.echo')
022.190  000.236  000.080: require('auto-save')
022.201  000.779  000.067: sourcing /home/douglas/.local/share/nvim/lazy/auto-save.nvim/plugin/auto-save.lua
022.205  000.810  000.030: sourcing nvim_exec2() called at /home/douglas/.config/nvim/init.lua:0
022.210  000.002  000.002: sourcing nvim_exec2() called at /home/douglas/.config/nvim/init.lua:0
022.220  000.001  000.001: sourcing nvim_exec2() called at /home/douglas/.config/nvim/init.lua:0
022.494  000.022  000.022: sourcing /home/douglas/.local/share/nvim/lazy/nvim-web-devicons/plugin/nvim-web-devicons.vim
022.497  000.048  000.026: sourcing nvim_exec2() called at /home/douglas/.config/nvim/init.lua:0
022.502  000.001  000.001: sourcing nvim_exec2() called at /home/douglas/.config/nvim/init.lua:0
022.509  000.001  000.001: sourcing nvim_exec2() called at /home/douglas/.config/nvim/init.lua:0
022.517  000.001  000.001: sourcing nvim_exec2() called at /home/douglas/.config/nvim/init.lua:0
022.530  000.001  000.001: sourcing nvim_exec2() called at /home/douglas/.config/nvim/init.lua:0
022.817  000.039  000.039: require('lualine_require')
023.013  000.480  000.441: require('lualine')
023.145  000.007  000.007: sourcing nvim_exec2() called at /home/douglas/.config/nvim/init.lua:0
023.475  000.047  000.047: require('lualine.highlight')
023.834  000.006  000.006: sourcing nvim_exec2() called at /home/douglas/.config/nvim/init.lua:0
023.861  000.009  000.009: sourcing nvim_exec2() called at /home/douglas/.config/nvim/init.lua:0
023.869  000.003  000.003: sourcing nvim_exec2() called at /home/douglas/.config/nvim/init.lua:0
023.875  000.002  000.002: sourcing nvim_exec2() called at /home/douglas/.config/nvim/init.lua:0
023.889  000.002  000.002: sourcing nvim_exec2() called at /home/douglas/.config/nvim/init.lua:0
023.895  000.003  000.003: sourcing nvim_exec2() called at /home/douglas/.config/nvim/init.lua:0
023.900  000.001  000.001: sourcing nvim_exec2() called at /home/douglas/.config/nvim/init.lua:0
023.914  000.010  000.010: sourcing nvim_exec2() called at /home/douglas/.config/nvim/init.lua:0
023.919  000.001  000.001: sourcing nvim_exec2() called at /home/douglas/.config/nvim/init.lua:0
023.924  000.001  000.001: sourcing nvim_exec2() called at /home/douglas/.config/nvim/init.lua:0
023.929  000.002  000.002: sourcing nvim_exec2() called at /home/douglas/.config/nvim/init.lua:0
023.934  000.002  000.002: sourcing nvim_exec2() called at /home/douglas/.config/nvim/init.lua:0
023.939  000.001  000.001: sourcing nvim_exec2() called at /home/douglas/.config/nvim/init.lua:0
023.944  000.002  000.002: sourcing nvim_exec2() called at /home/douglas/.config/nvim/init.lua:0
023.949  000.001  000.001: sourcing nvim_exec2() called at /home/douglas/.config/nvim/init.lua:0
023.953  000.001  000.001: sourcing nvim_exec2() called at /home/douglas/.config/nvim/init.lua:0
023.958  000.002  000.002: sourcing nvim_exec2() called at /home/douglas/.config/nvim/init.lua:0
023.963  000.001  000.001: sourcing nvim_exec2() called at /home/douglas/.config/nvim/init.lua:0
023.968  000.002  000.002: sourcing nvim_exec2() called at /home/douglas/.config/nvim/init.lua:0
023.973  000.002  000.002: sourcing nvim_exec2() called at /home/douglas/.config/nvim/init.lua:0
023.978  000.002  000.002: sourcing nvim_exec2() called at /home/douglas/.config/nvim/init.lua:0
023.982  000.001  000.001: sourcing nvim_exec2() called at /home/douglas/.config/nvim/init.lua:0
023.991  000.007  000.007: sourcing nvim_exec2() called at /home/douglas/.config/nvim/init.lua:0
024.872  000.039  000.039: require('lualine.utils.mode')
025.120  000.055  000.055: sourcing nvim_exec2() called at /home/douglas/.config/nvim/init.lua:0
025.128  000.004  000.004: sourcing nvim_exec2() called at /home/douglas/.config/nvim/init.lua:0
025.272  000.005  000.005: sourcing nvim_exec2() called at /home/douglas/.config/nvim/init.lua:0
025.281  000.002  000.002: sourcing nvim_exec2() called at /home/douglas/.config/nvim/init.lua:0
025.286  000.002  000.002: sourcing nvim_exec2() called at /home/douglas/.config/nvim/init.lua:0
025.293  000.001  000.001: sourcing nvim_exec2() called at /home/douglas/.config/nvim/init.lua:0
025.298  000.001  000.001: sourcing nvim_exec2() called at /home/douglas/.config/nvim/init.lua:0
025.303  000.001  000.001: sourcing nvim_exec2() called at /home/douglas/.config/nvim/init.lua:0
025.310  000.001  000.001: sourcing nvim_exec2() called at /home/douglas/.config/nvim/init.lua:0
025.317  000.002  000.002: sourcing nvim_exec2() called at /home/douglas/.config/nvim/init.lua:0
025.324  000.002  000.002: sourcing nvim_exec2() called at /home/douglas/.config/nvim/init.lua:0
025.329  000.001  000.001: sourcing nvim_exec2() called at /home/douglas/.config/nvim/init.lua:0
025.333  000.001  000.001: sourcing nvim_exec2() called at /home/douglas/.config/nvim/init.lua:0
025.340  000.001  000.001: sourcing nvim_exec2() called at /home/douglas/.config/nvim/init.lua:0
025.345  000.001  000.001: sourcing nvim_exec2() called at /home/douglas/.config/nvim/init.lua:0
025.351  000.001  000.001: sourcing nvim_exec2() called at /home/douglas/.config/nvim/init.lua:0
025.358  000.002  000.002: sourcing nvim_exec2() called at /home/douglas/.config/nvim/init.lua:0
025.365  000.001  000.001: sourcing nvim_exec2() called at /home/douglas/.config/nvim/init.lua:0
025.370  000.001  000.001: sourcing nvim_exec2() called at /home/douglas/.config/nvim/init.lua:0
025.375  000.001  000.001: sourcing nvim_exec2() called at /home/douglas/.config/nvim/init.lua:0
025.381  000.001  000.001: sourcing nvim_exec2() called at /home/douglas/.config/nvim/init.lua:0
025.386  000.001  000.001: sourcing nvim_exec2() called at /home/douglas/.config/nvim/init.lua:0
025.393  000.001  000.001: sourcing nvim_exec2() called at /home/douglas/.config/nvim/init.lua:0
025.510  000.006  000.006: sourcing nvim_exec2() called at /home/douglas/.config/nvim/init.lua:0
025.517  000.002  000.002: sourcing nvim_exec2() called at /home/douglas/.config/nvim/init.lua:0
025.521  000.002  000.002: sourcing nvim_exec2() called at /home/douglas/.config/nvim/init.lua:0
025.540  000.003  000.003: sourcing nvim_exec2() called at /home/douglas/.config/nvim/init.lua:0
025.794  000.004  000.004: sourcing nvim_exec2() called at /home/douglas/.config/nvim/init.lua:0
025.866  000.003  000.003: sourcing nvim_exec2() called at /home/douglas/.config/nvim/init.lua:0
025.875  000.002  000.002: sourcing nvim_exec2() called at /home/douglas/.config/nvim/init.lua:0
025.902  000.002  000.002: sourcing nvim_exec2() called at /home/douglas/.config/nvim/init.lua:0
025.909  000.002  000.002: sourcing nvim_exec2() called at /home/douglas/.config/nvim/init.lua:0
025.914  000.002  000.002: sourcing nvim_exec2() called at /home/douglas/.config/nvim/init.lua:0
025.918  000.001  000.001: sourcing nvim_exec2() called at /home/douglas/.config/nvim/init.lua:0
025.927  000.002  000.002: sourcing nvim_exec2() called at /home/douglas/.config/nvim/init.lua:0
025.940  000.002  000.002: sourcing nvim_exec2() called at /home/douglas/.config/nvim/init.lua:0
025.947  000.001  000.001: sourcing nvim_exec2() called at /home/douglas/.config/nvim/init.lua:0
025.951  000.002  000.002: sourcing nvim_exec2() called at /home/douglas/.config/nvim/init.lua:0
025.957  000.001  000.001: sourcing nvim_exec2() called at /home/douglas/.config/nvim/init.lua:0
025.962  000.001  000.001: sourcing nvim_exec2() called at /home/douglas/.config/nvim/init.lua:0
025.966  000.001  000.001: sourcing nvim_exec2() called at /home/douglas/.config/nvim/init.lua:0
025.974  000.002  000.002: sourcing nvim_exec2() called at /home/douglas/.config/nvim/init.lua:0
025.993  000.002  000.002: sourcing nvim_exec2() called at /home/douglas/.config/nvim/init.lua:0
025.999  000.001  000.001: sourcing nvim_exec2() called at /home/douglas/.config/nvim/init.lua:0
026.003  000.001  000.001: sourcing nvim_exec2() called at /home/douglas/.config/nvim/init.lua:0
026.008  000.001  000.001: sourcing nvim_exec2() called at /home/douglas/.config/nvim/init.lua:0
026.014  000.002  000.002: sourcing nvim_exec2() called at /home/douglas/.config/nvim/init.lua:0
026.042  000.025  000.025: sourcing nvim_exec2() called at /home/douglas/.config/nvim/init.lua:0
026.051  000.002  000.002: sourcing nvim_exec2() called at /home/douglas/.config/nvim/init.lua:0
026.058  000.001  000.001: sourcing nvim_exec2() called at /home/douglas/.config/nvim/init.lua:0
026.062  000.001  000.001: sourcing nvim_exec2() called at /home/douglas/.config/nvim/init.lua:0
026.069  000.002  000.002: sourcing nvim_exec2() called at /home/douglas/.config/nvim/init.lua:0
026.073  000.001  000.001: sourcing nvim_exec2() called at /home/douglas/.config/nvim/init.lua:0
026.077  000.002  000.002: sourcing nvim_exec2() called at /home/douglas/.config/nvim/init.lua:0
026.087  000.001  000.001: sourcing nvim_exec2() called at /home/douglas/.config/nvim/init.lua:0
026.138  000.006  000.006: sourcing nvim_exec2() called at /home/douglas/.config/nvim/init.lua:0
026.153  000.003  000.003: sourcing nvim_exec2() called at /home/douglas/.config/nvim/init.lua:0
026.166  000.010  000.010: sourcing nvim_exec2() called at /home/douglas/.config/nvim/init.lua:0
026.172  000.004  000.004: sourcing nvim_exec2() called at /home/douglas/.config/nvim/init.lua:0
026.177  000.003  000.003: sourcing nvim_exec2() called at /home/douglas/.config/nvim/init.lua:0
026.567  000.039  000.039: require('vim.treesitter.language')
026.595  000.025  000.025: require('vim.func')
026.632  000.033  000.033: require('vim.func._memoize')
026.651  000.198  000.101: require('vim.treesitter.query')
026.689  000.037  000.037: require('vim.treesitter._range')
026.701  000.332  000.097: require('vim.treesitter.languagetree')
026.704  000.387  000.055: require('vim.treesitter')
026.859  000.598  000.211: sourcing /home/douglas/.local/share/nvim/lazy/nvim-treesitter/plugin/filetypes.lua
026.863  000.625  000.027: sourcing nvim_exec2() called at /home/douglas/.config/nvim/init.lua:0
026.940  000.046  000.046: sourcing /home/douglas/.local/share/nvim/lazy/nvim-treesitter/plugin/nvim-treesitter.lua
026.943  000.073  000.027: sourcing nvim_exec2() called at /home/douglas/.config/nvim/init.lua:0
026.996  000.027  000.027: sourcing /home/douglas/.local/share/nvim/lazy/nvim-treesitter/plugin/query_predicates.lua
026.999  000.051  000.024: sourcing nvim_exec2() called at /home/douglas/.config/nvim/init.lua:0
027.003  000.002  000.002: sourcing nvim_exec2() called at /home/douglas/.config/nvim/init.lua:0
027.012  000.001  000.001: sourcing nvim_exec2() called at /home/douglas/.config/nvim/init.lua:0
027.381  000.017  000.017: sourcing /home/douglas/.local/share/nvim/lazy/plenary.nvim/plugin/plenary.vim
027.385  000.042  000.025: sourcing nvim_exec2() called at /home/douglas/.config/nvim/init.lua:0
027.389  000.001  000.001: sourcing nvim_exec2() called at /home/douglas/.config/nvim/init.lua:0
027.396  000.001  000.001: sourcing nvim_exec2() called at /home/douglas/.config/nvim/init.lua:0
027.588  000.003  000.003: sourcing nvim_exec2() called at /home/douglas/.config/nvim/init.lua:0
027.600  000.001  000.001: sourcing nvim_exec2() called at /home/douglas/.config/nvim/init.lua:0
027.723  000.058  000.058: sourcing /home/douglas/.local/share/nvim/lazy/neo-tree.nvim/plugin/neo-tree.lua
027.727  000.084  000.025: sourcing nvim_exec2() called at /home/douglas/.config/nvim/init.lua:0
027.731  000.002  000.002: sourcing nvim_exec2() called at /home/douglas/.config/nvim/init.lua:0
027.739  000.001  000.001: sourcing nvim_exec2() called at /home/douglas/.config/nvim/init.lua:0
027.953  000.212  000.212: require('neo-tree')
028.040  000.085  000.085: require('neo-tree.log')
028.308  000.144  000.144: sourcing /home/douglas/.local/share/nvim/lazy/telescope.nvim/plugin/telescope.lua
028.312  000.175  000.030: sourcing nvim_exec2() called at /home/douglas/.config/nvim/init.lua:0
028.317  000.002  000.002: sourcing nvim_exec2() called at /home/douglas/.config/nvim/init.lua:0
028.325  000.001  000.001: sourcing nvim_exec2() called at /home/douglas/.config/nvim/init.lua:0
028.505  000.038  000.038: sourcing /home/douglas/.local/share/bob/v0.11.5/share/nvim/runtime/plugin/editorconfig.lua
028.509  000.072  000.034: sourcing nvim_exec2() called at /home/douglas/.config/nvim/init.lua:0
028.672  000.135  000.135: sourcing /home/douglas/.local/share/bob/v0.11.5/share/nvim/runtime/plugin/gzip.vim
028.676  000.163  000.028: sourcing nvim_exec2() called at /home/douglas/.config/nvim/init.lua:0
028.746  000.040  000.040: sourcing /home/douglas/.local/share/bob/v0.11.5/share/nvim/runtime/plugin/man.lua
028.749  000.070  000.029: sourcing nvim_exec2() called at /home/douglas/.config/nvim/init.lua:0
029.278  000.124  000.124: sourcing /home/douglas/.local/share/bob/v0.11.5/share/nvim/runtime/pack/dist/opt/matchit/plugin/matchit.vim
029.296  000.497  000.373: sourcing /home/douglas/.local/share/bob/v0.11.5/share/nvim/runtime/plugin/matchit.vim
029.298  000.530  000.033: sourcing nvim_exec2() called at /home/douglas/.config/nvim/init.lua:0
029.415  000.087  000.087: sourcing /home/douglas/.local/share/bob/v0.11.5/share/nvim/runtime/plugin/matchparen.vim
029.418  000.114  000.028: sourcing nvim_exec2() called at /home/douglas/.config/nvim/init.lua:0
029.948  000.165  000.165: sourcing /home/douglas/.local/share/bob/v0.11.5/share/nvim/runtime/pack/dist/opt/netrw/plugin/netrwPlugin.vim
029.966  000.516  000.352: sourcing /home/douglas/.local/share/bob/v0.11.5/share/nvim/runtime/plugin/netrwPlugin.vim
029.968  000.546  000.030: sourcing nvim_exec2() called at /home/douglas/.config/nvim/init.lua:0
030.066  000.062  000.062: sourcing /home/douglas/.local/share/bob/v0.11.5/share/nvim/runtime/plugin/osc52.lua
030.070  000.097  000.035: sourcing nvim_exec2() called at /home/douglas/.config/nvim/init.lua:0
030.202  000.097  000.097: sourcing /home/douglas/.local/share/bob/v0.11.5/share/nvim/runtime/plugin/rplugin.vim
030.206  000.132  000.035: sourcing nvim_exec2() called at /home/douglas/.config/nvim/init.lua:0
030.282  000.034  000.034: sourcing /home/douglas/.local/share/bob/v0.11.5/share/nvim/runtime/plugin/shada.vim
030.286  000.075  000.041: sourcing nvim_exec2() called at /home/douglas/.config/nvim/init.lua:0
030.336  000.012  000.012: sourcing /home/douglas/.local/share/bob/v0.11.5/share/nvim/runtime/plugin/spellfile.vim
030.339  000.048  000.036: sourcing nvim_exec2() called at /home/douglas/.config/nvim/init.lua:0
030.432  000.059  000.059: sourcing /home/douglas/.local/share/bob/v0.11.5/share/nvim/runtime/plugin/tarPlugin.vim
030.434  000.093  000.033: sourcing nvim_exec2() called at /home/douglas/.config/nvim/init.lua:0
030.536  000.064  000.064: sourcing /home/douglas/.local/share/bob/v0.11.5/share/nvim/runtime/plugin/tohtml.lua
030.540  000.103  000.039: sourcing nvim_exec2() called at /home/douglas/.config/nvim/init.lua:0
030.589  000.013  000.013: sourcing /home/douglas/.local/share/bob/v0.11.5/share/nvim/runtime/plugin/tutor.vim
030.591  000.047  000.034: sourcing nvim_exec2() called at /home/douglas/.config/nvim/init.lua:0
030.734  000.089  000.089: sourcing /home/douglas/.local/share/bob/v0.11.5/share/nvim/runtime/plugin/zipPlugin.vim
030.737  000.124  000.035: sourcing nvim_exec2() called at /home/douglas/.config/nvim/init.lua:0
030.884  027.579  015.337: require('plugins.main')
031.128  000.193  000.193: require('vim.diagnostic')
031.467  000.011  000.011: sourcing nvim_exec2() called at /home/douglas/.config/nvim/init.lua:0
032.252  000.003  000.003: sourcing nvim_exec2() called at /home/douglas/.config/nvim/init.lua:0
032.256  000.001  000.001: sourcing nvim_exec2() called at /home/douglas/.config/nvim/init.lua:0
032.259  000.001  000.001: sourcing nvim_exec2() called at /home/douglas/.config/nvim/init.lua:0
032.274  000.001  000.001: sourcing nvim_exec2() called at /home/douglas/.config/nvim/init.lua:0
032.277  000.001  000.001: sourcing nvim_exec2() called at /home/douglas/.config/nvim/init.lua:0
032.279  000.001  000.001: sourcing nvim_exec2() called at /home/douglas/.config/nvim/init.lua:0
032.282  000.001  000.001: sourcing nvim_exec2() called at /home/douglas/.config/nvim/init.lua:0
032.284  000.001  000.001: sourcing nvim_exec2() called at /home/douglas/.config/nvim/init.lua:0
032.287  000.001  000.001: sourcing nvim_exec2() called at /home/douglas/.config/nvim/init.lua:0
032.289  000.001  000.001: sourcing nvim_exec2() called at /home/douglas/.config/nvim/init.lua:0
032.292  000.001  000.001: sourcing nvim_exec2() called at /home/douglas/.config/nvim/init.lua:0
032.294  000.001  000.001: sourcing nvim_exec2() called at /home/douglas/.config/nvim/init.lua:0
032.296  000.001  000.001: sourcing nvim_exec2() called at /home/douglas/.config/nvim/init.lua:0
032.298  000.001  000.001: sourcing nvim_exec2() called at /home/douglas/.config/nvim/init.lua:0
032.301  000.001  000.001: sourcing nvim_exec2() called at /home/douglas/.config/nvim/init.lua:0
032.310  000.001  000.001: sourcing nvim_exec2() called at /home/douglas/.config/nvim/init.lua:0
032.312  000.001  000.001: sourcing nvim_exec2() called at /home/douglas/.config/nvim/init.lua:0
032.315  000.001  000.001: sourcing nvim_exec2() called at /home/douglas/.config/nvim/init.lua:0
032.318  000.001  000.001: sourcing nvim_exec2() called at /home/douglas/.config/nvim/init.lua:0
032.320  000.001  000.001: sourcing nvim_exec2() called at /home/douglas/.config/nvim/init.lua:0
032.322  000.001  000.001: sourcing nvim_exec2() called at /home/douglas/.config/nvim/init.lua:0
032.325  000.001  000.001: sourcing nvim_exec2() called at /home/douglas/.config/nvim/init.lua:0
032.327  000.001  000.001: sourcing nvim_exec2() called at /home/douglas/.config/nvim/init.lua:0
032.329  000.001  000.001: sourcing nvim_exec2() called at /home/douglas/.config/nvim/init.lua:0
032.332  000.001  000.001: sourcing nvim_exec2() called at /home/douglas/.config/nvim/init.lua:0
032.334  000.001  000.001: sourcing nvim_exec2() called at /home/douglas/.config/nvim/init.lua:0
032.336  000.001  000.001: sourcing nvim_exec2() called at /home/douglas/.config/nvim/init.lua:0
032.339  000.001  000.001: sourcing nvim_exec2() called at /home/douglas/.config/nvim/init.lua:0
032.341  000.001  000.001: sourcing nvim_exec2() called at /home/douglas/.config/nvim/init.lua:0
032.343  000.001  000.001: sourcing nvim_exec2() called at /home/douglas/.config/nvim/init.lua:0
032.345  000.001  000.001: sourcing nvim_exec2() called at /home/douglas/.config/nvim/init.lua:0
032.348  000.001  000.001: sourcing nvim_exec2() called at /home/douglas/.config/nvim/init.lua:0
032.353  000.001  000.001: sourcing nvim_exec2() called at /home/douglas/.config/nvim/init.lua:0
032.355  000.001  000.001: sourcing nvim_exec2() called at /home/douglas/.config/nvim/init.lua:0
032.357  000.001  000.001: sourcing nvim_exec2() called at /home/douglas/.config/nvim/init.lua:0
032.360  000.001  000.001: sourcing nvim_exec2() called at /home/douglas/.config/nvim/init.lua:0
032.362  000.001  000.001: sourcing nvim_exec2() called at /home/douglas/.config/nvim/init.lua:0
032.365  000.001  000.001: sourcing nvim_exec2() called at /home/douglas/.config/nvim/init.lua:0
032.367  000.001  000.001: sourcing nvim_exec2() called at /home/douglas/.config/nvim/init.lua:0
032.370  000.001  000.001: sourcing nvim_exec2() called at /home/douglas/.config/nvim/init.lua:0
032.372  000.001  000.001: sourcing nvim_exec2() called at /home/douglas/.config/nvim/init.lua:0
032.374  000.001  000.001: sourcing nvim_exec2() called at /home/douglas/.config/nvim/init.lua:0
032.376  000.001  000.001: sourcing nvim_exec2() called at /home/douglas/.config/nvim/init.lua:0
032.379  000.001  000.001: sourcing nvim_exec2() called at /home/douglas/.config/nvim/init.lua:0
032.381  000.001  000.001: sourcing nvim_exec2() called at /home/douglas/.config/nvim/init.lua:0
032.383  000.001  000.001: sourcing nvim_exec2() called at /home/douglas/.config/nvim/init.lua:0
032.386  000.001  000.001: sourcing nvim_exec2() called at /home/douglas/.config/nvim/init.lua:0
032.388  000.001  000.001: sourcing nvim_exec2() called at /home/douglas/.config/nvim/init.lua:0
032.390  000.001  000.001: sourcing nvim_exec2() called at /home/douglas/.config/nvim/init.lua:0
032.392  000.001  000.001: sourcing nvim_exec2() called at /home/douglas/.config/nvim/init.lua:0
032.397  000.001  000.001: sourcing nvim_exec2() called at /home/douglas/.config/nvim/init.lua:0
032.400  000.001  000.001: sourcing nvim_exec2() called at /home/douglas/.config/nvim/init.lua:0
032.402  000.001  000.001: sourcing nvim_exec2() called at /home/douglas/.config/nvim/init.lua:0
032.405  000.001  000.001: sourcing nvim_exec2() called at /home/douglas/.config/nvim/init.lua:0
032.407  000.001  000.001: sourcing nvim_exec2() called at /home/douglas/.config/nvim/init.lua:0
032.430  000.001  000.001: sourcing nvim_exec2() called at /home/douglas/.config/nvim/init.lua:0
032.433  000.001  000.001: sourcing nvim_exec2() called at /home/douglas/.config/nvim/init.lua:0
032.442  000.001  000.001: sourcing nvim_exec2() called at /home/douglas/.config/nvim/init.lua:0
032.445  000.001  000.001: sourcing nvim_exec2() called at /home/douglas/.config/nvim/init.lua:0
032.447  000.001  000.001: sourcing nvim_exec2() called at /home/douglas/.config/nvim/init.lua:0
032.449  000.001  000.001: sourcing nvim_exec2() called at /home/douglas/.config/nvim/init.lua:0
032.451  000.001  000.001: sourcing nvim_exec2() called at /home/douglas/.config/nvim/init.lua:0
032.460  000.001  000.001: sourcing nvim_exec2() called at /home/douglas/.config/nvim/init.lua:0
032.462  000.001  000.001: sourcing nvim_exec2() called at /home/douglas/.config/nvim/init.lua:0
032.464  000.001  000.001: sourcing nvim_exec2() called at /home/douglas/.config/nvim/init.lua:0
032.467  000.001  000.001: sourcing nvim_exec2() called at /home/douglas/.config/nvim/init.lua:0
032.469  000.001  000.001: sourcing nvim_exec2() called at /home/douglas/.config/nvim/init.lua:0
032.471  000.001  000.001: sourcing nvim_exec2() called at /home/douglas/.config/nvim/init.lua:0
032.473  000.001  000.001: sourcing nvim_exec2() called at /home/douglas/.config/nvim/init.lua:0
032.476  000.001  000.001: sourcing nvim_exec2() called at /home/douglas/.config/nvim/init.lua:0
032.478  000.001  000.001: sourcing nvim_exec2() called at /home/douglas/.config/nvim/init.lua:0
032.486  000.002  000.002: sourcing nvim_exec2() called at /home/douglas/.config/nvim/init.lua:0
032.495  000.002  000.002: sourcing nvim_exec2() called at /home/douglas/.config/nvim/init.lua:0
032.502  000.001  000.001: sourcing nvim_exec2() called at /home/douglas/.config/nvim/init.lua:0
032.507  000.001  000.001: sourcing nvim_exec2() called at /home/douglas/.config/nvim/init.lua:0
032.549  000.002  000.002: sourcing nvim_exec2() called at /home/douglas/.config/nvim/init.lua:0
032.555  000.002  000.002: sourcing nvim_exec2() called at /home/douglas/.config/nvim/init.lua:0
032.561  000.002  000.002: sourcing nvim_exec2() called at /home/douglas/.config/nvim/init.lua:0
032.566  000.001  000.001: sourcing nvim_exec2() called at /home/douglas/.config/nvim/init.lua:0
032.570  000.001  000.001: sourcing nvim_exec2() called at /home/douglas/.config/nvim/init.lua:0
032.577  000.001  000.001: sourcing nvim_exec2() called at /home/douglas/.config/nvim/init.lua:0
032.583  000.002  000.002: sourcing nvim_exec2() called at /home/douglas/.config/nvim/init.lua:0
032.588  000.002  000.002: sourcing nvim_exec2() called at /home/douglas/.config/nvim/init.lua:0
032.612  000.002  000.002: sourcing nvim_exec2() called at /home/douglas/.config/nvim/init.lua:0
032.617  000.001  000.001: sourcing nvim_exec2() called at /home/douglas/.config/nvim/init.lua:0
032.624  000.001  000.001: sourcing nvim_exec2() called at /home/douglas/.config/nvim/init.lua:0
032.628  000.001  000.001: sourcing nvim_exec2() called at /home/douglas/.config/nvim/init.lua:0
032.632  000.001  000.001: sourcing nvim_exec2() called at /home/douglas/.config/nvim/init.lua:0
032.650  000.001  000.001: sourcing nvim_exec2() called at /home/douglas/.config/nvim/init.lua:0
032.672  000.001  000.001: sourcing nvim_exec2() called at /home/douglas/.config/nvim/init.lua:0
032.687  000.002  000.002: sourcing nvim_exec2() called at /home/douglas/.config/nvim/init.lua:0
032.691  000.001  000.001: sourcing nvim_exec2() called at /home/douglas/.config/nvim/init.lua:0
032.695  000.001  000.001: sourcing nvim_exec2() called at /home/douglas/.config/nvim/init.lua:0
032.705  000.006  000.006: sourcing nvim_exec2() called at /home/douglas/.config/nvim/init.lua:0
032.744  000.003  000.003: sourcing nvim_exec2() called at /home/douglas/.config/nvim/init.lua:0
032.749  000.002  000.002: sourcing nvim_exec2() called at /home/douglas/.config/nvim/init.lua:0
032.766  000.002  000.002: sourcing nvim_exec2() called at /home/douglas/.config/nvim/init.lua:0
032.773  000.002  000.002: sourcing nvim_exec2() called at /home/douglas/.config/nvim/init.lua:0
032.779  000.002  000.002: sourcing nvim_exec2() called at /home/douglas/.config/nvim/init.lua:0
032.787  000.002  000.002: sourcing nvim_exec2() called at /home/douglas/.config/nvim/init.lua:0
032.794  000.001  000.001: sourcing nvim_exec2() called at /home/douglas/.config/nvim/init.lua:0
032.916  000.005  000.005: sourcing nvim_exec2() called at /home/douglas/.config/nvim/init.lua:0
032.923  000.003  000.003: sourcing nvim_exec2() called at /home/douglas/.config/nvim/init.lua:0
032.982  000.003  000.003: sourcing nvim_exec2() called at /home/douglas/.config/nvim/init.lua:0
032.987  000.001  000.001: sourcing nvim_exec2() called at /home/douglas/.config/nvim/init.lua:0
032.994  000.001  000.001: sourcing nvim_exec2() called at /home/douglas/.config/nvim/init.lua:0
032.999  000.001  000.001: sourcing nvim_exec2() called at /home/douglas/.config/nvim/init.lua:0
033.005  000.001  000.001: sourcing nvim_exec2() called at /home/douglas/.config/nvim/init.lua:0
033.009  000.001  000.001: sourcing nvim_exec2() called at /home/douglas/.config/nvim/init.lua:0
033.031  000.002  000.002: sourcing nvim_exec2() called at /home/douglas/.config/nvim/init.lua:0
033.055  000.002  000.002: sourcing nvim_exec2() called at /home/douglas/.config/nvim/init.lua:0
033.059  000.001  000.001: sourcing nvim_exec2() called at /home/douglas/.config/nvim/init.lua:0
033.065  000.001  000.001: sourcing nvim_exec2() called at /home/douglas/.config/nvim/init.lua:0
033.069  000.001  000.001: sourcing nvim_exec2() called at /home/douglas/.config/nvim/init.lua:0
033.073  000.001  000.001: sourcing nvim_exec2() called at /home/douglas/.config/nvim/init.lua:0
033.079  000.001  000.001: sourcing nvim_exec2() called at /home/douglas/.config/nvim/init.lua:0
033.084  000.001  000.001: sourcing nvim_exec2() called at /home/douglas/.config/nvim/init.lua:0
033.091  000.001  000.001: sourcing nvim_exec2() called at /home/douglas/.config/nvim/init.lua:0
033.096  000.001  000.001: sourcing nvim_exec2() called at /home/douglas/.config/nvim/init.lua:0
033.125  000.002  000.002: sourcing nvim_exec2() called at /home/douglas/.config/nvim/init.lua:0
033.129  000.001  000.001: sourcing nvim_exec2() called at /home/douglas/.config/nvim/init.lua:0
033.133  000.001  000.001: sourcing nvim_exec2() called at /home/douglas/.config/nvim/init.lua:0
033.139  000.001  000.001: sourcing nvim_exec2() called at /home/douglas/.config/nvim/init.lua:0
033.143  000.001  000.001: sourcing nvim_exec2() called at /home/douglas/.config/nvim/init.lua:0
033.150  000.004  000.004: sourcing nvim_exec2() called at /home/douglas/.config/nvim/init.lua:0
033.155  000.002  000.002: sourcing nvim_exec2() called at /home/douglas/.config/nvim/init.lua:0
033.158  000.002  000.002: sourcing nvim_exec2() called at /home/douglas/.config/nvim/init.lua:0
033.185  000.003  000.003: sourcing nvim_exec2() called at /home/douglas/.config/nvim/init.lua:0
033.242  000.003  000.003: sourcing nvim_exec2() called at /home/douglas/.config/nvim/init.lua:0
033.248  000.002  000.002: sourcing nvim_exec2() called at /home/douglas/.config/nvim/init.lua:0
033.252  000.001  000.001: sourcing nvim_exec2() called at /home/douglas/.config/nvim/init.lua:0
033.257  000.001  000.001: sourcing nvim_exec2() called at /home/douglas/.config/nvim/init.lua:0
033.267  000.002  000.002: sourcing nvim_exec2() called at /home/douglas/.config/nvim/init.lua:0
033.271  000.001  000.001: sourcing nvim_exec2() called at /home/douglas/.config/nvim/init.lua:0
033.276  000.001  000.001: sourcing nvim_exec2() called at /home/douglas/.config/nvim/init.lua:0
033.284  000.002  000.002: sourcing nvim_exec2() called at /home/douglas/.config/nvim/init.lua:0
033.291  000.001  000.001: sourcing nvim_exec2() called at /home/douglas/.config/nvim/init.lua:0
033.297  000.001  000.001: sourcing nvim_exec2() called at /home/douglas/.config/nvim/init.lua:0
033.301  000.001  000.001: sourcing nvim_exec2() called at /home/douglas/.config/nvim/init.lua:0
033.305  000.001  000.001: sourcing nvim_exec2() called at /home/douglas/.config/nvim/init.lua:0
033.311  000.001  000.001: sourcing nvim_exec2() called at /home/douglas/.config/nvim/init.lua:0
033.316  000.001  000.001: sourcing nvim_exec2() called at /home/douglas/.config/nvim/init.lua:0
033.333  000.001  000.001: sourcing nvim_exec2() called at /home/douglas/.config/nvim/init.lua:0
033.338  000.001  000.001: sourcing nvim_exec2() called at /home/douglas/.config/nvim/init.lua:0
033.342  000.001  000.001: sourcing nvim_exec2() called at /home/douglas/.config/nvim/init.lua:0
033.348  000.001  000.001: sourcing nvim_exec2() called at /home/douglas/.config/nvim/init.lua:0
033.351  000.001  000.001: sourcing nvim_exec2() called at /home/douglas/.config/nvim/init.lua:0
033.355  000.001  000.001: sourcing nvim_exec2() called at /home/douglas/.config/nvim/init.lua:0
033.361  000.001  000.001: sourcing nvim_exec2() called at /home/douglas/.config/nvim/init.lua:0
033.381  000.001  000.001: sourcing nvim_exec2() called at /home/douglas/.config/nvim/init.lua:0
033.385  000.001  000.001: sourcing nvim_exec2() called at /home/douglas/.config/nvim/init.lua:0
033.391  000.001  000.001: sourcing nvim_exec2() called at /home/douglas/.config/nvim/init.lua:0
033.395  000.001  000.001: sourcing nvim_exec2() called at /home/douglas/.config/nvim/init.lua:0
033.399  000.001  000.001: sourcing nvim_exec2() called at /home/douglas/.config/nvim/init.lua:0
033.405  000.001  000.001: sourcing nvim_exec2() called at /home/douglas/.config/nvim/init.lua:0
033.409  000.001  000.001: sourcing nvim_exec2() called at /home/douglas/.config/nvim/init.lua:0
033.441  000.014  000.014: sourcing nvim_exec2() called at /home/douglas/.config/nvim/init.lua:0
033.457  000.003  000.003: sourcing nvim_exec2() called at /home/douglas/.config/nvim/init.lua:0
033.468  000.009  000.009: sourcing nvim_exec2() called at /home/douglas/.config/nvim/init.lua:0
033.475  000.005  000.005: sourcing nvim_exec2() called at /home/douglas/.config/nvim/init.lua:0
033.481  000.003  000.003: sourcing nvim_exec2() called at /home/douglas/.config/nvim/init.lua:0
033.509  002.623  002.175: require('core.diagnostics')
033.581  000.070  000.070: require('core.autocommands')
034.310  000.085  000.085: require('catppuccin')
034.372  000.037  000.037: require('catppuccin.lib.hashing')
035.463  001.249  001.128: sourcing /home/douglas/.local/share/nvim/lazy/catppuccin/colors/catppuccin.vim
035.599  000.008  000.008: sourcing nvim_exec2() called at ColorScheme Autocommands for "*":0
035.939  000.041  000.041: require('catppuccin.utils.lualine')
035.974  000.033  000.033: require('catppuccin.palettes')
036.005  000.029  000.029: require('catppuccin.palettes.mocha')
036.019  000.003  000.003: sourcing nvim_exec2() called at ColorScheme Autocommands for "*":0
036.022  000.001  000.001: sourcing nvim_exec2() called at ColorScheme Autocommands for "*":0
036.025  000.001  000.001: sourcing nvim_exec2() called at ColorScheme Autocommands for "*":0
036.029  000.001  000.001: sourcing nvim_exec2() called at ColorScheme Autocommands for "*":0
036.031  000.001  000.001: sourcing nvim_exec2() called at ColorScheme Autocommands for "*":0
036.045  000.001  000.001: sourcing nvim_exec2() called at ColorScheme Autocommands for "*":0
036.048  000.001  000.001: sourcing nvim_exec2() called at ColorScheme Autocommands for "*":0
036.050  000.001  000.001: sourcing nvim_exec2() called at ColorScheme Autocommands for "*":0
036.052  000.001  000.001: sourcing nvim_exec2() called at ColorScheme Autocommands for "*":0
036.054  000.001  000.001: sourcing nvim_exec2() called at ColorScheme Autocommands for "*":0
036.056  000.001  000.001: sourcing nvim_exec2() called at ColorScheme Autocommands for "*":0
036.059  000.001  000.001: sourcing nvim_exec2() called at ColorScheme Autocommands for "*":0
036.061  000.001  000.001: sourcing nvim_exec2() called at ColorScheme Autocommands for "*":0
036.063  000.001  000.001: sourcing nvim_exec2() called at ColorScheme Autocommands for "*":0
036.065  000.001  000.001: sourcing nvim_exec2() called at ColorScheme Autocommands for "*":0
036.068  000.001  000.001: sourcing nvim_exec2() called at ColorScheme Autocommands for "*":0
036.070  000.001  000.001: sourcing nvim_exec2() called at ColorScheme Autocommands for "*":0
036.072  000.001  000.001: sourcing nvim_exec2() called at ColorScheme Autocommands for "*":0
036.074  000.001  000.001: sourcing nvim_exec2() called at ColorScheme Autocommands for "*":0
036.076  000.001  000.001: sourcing nvim_exec2() called at ColorScheme Autocommands for "*":0
036.079  000.001  000.001: sourcing nvim_exec2() called at ColorScheme Autocommands for "*":0
036.081  000.001  000.001: sourcing nvim_exec2() called at ColorScheme Autocommands for "*":0
036.083  000.001  000.001: sourcing nvim_exec2() called at ColorScheme Autocommands for "*":0
036.085  000.001  000.001: sourcing nvim_exec2() called at ColorScheme Autocommands for "*":0
036.088  000.001  000.001: sourcing nvim_exec2() called at ColorScheme Autocommands for "*":0
036.090  000.001  000.001: sourcing nvim_exec2() called at ColorScheme Autocommands for "*":0
036.092  000.001  000.001: sourcing nvim_exec2() called at ColorScheme Autocommands for "*":0
036.094  000.001  000.001: sourcing nvim_exec2() called at ColorScheme Autocommands for "*":0
036.096  000.001  000.001: sourcing nvim_exec2() called at ColorScheme Autocommands for "*":0
036.099  000.001  000.001: sourcing nvim_exec2() called at ColorScheme Autocommands for "*":0
036.101  000.001  000.001: sourcing nvim_exec2() called at ColorScheme Autocommands for "*":0
036.103  000.001  000.001: sourcing nvim_exec2() called at ColorScheme Autocommands for "*":0
036.108  000.001  000.001: sourcing nvim_exec2() called at ColorScheme Autocommands for "*":0
036.110  000.001  000.001: sourcing nvim_exec2() called at ColorScheme Autocommands for "*":0
036.112  000.001  000.001: sourcing nvim_exec2() called at ColorScheme Autocommands for "*":0
036.115  000.001  000.001: sourcing nvim_exec2() called at ColorScheme Autocommands for "*":0
036.117  000.001  000.001: sourcing nvim_exec2() called at ColorScheme Autocommands for "*":0
036.119  000.001  000.001: sourcing nvim_exec2() called at ColorScheme Autocommands for "*":0
036.121  000.001  000.001: sourcing nvim_exec2() called at ColorScheme Autocommands for "*":0
036.123  000.001  000.001: sourcing nvim_exec2() called at ColorScheme Autocommands for "*":0
036.126  000.001  000.001: sourcing nvim_exec2() called at ColorScheme Autocommands for "*":0
036.128  000.001  000.001: sourcing nvim_exec2() called at ColorScheme Autocommands for "*":0
036.130  000.001  000.001: sourcing nvim_exec2() called at ColorScheme Autocommands for "*":0
036.132  000.001  000.001: sourcing nvim_exec2() called at ColorScheme Autocommands for "*":0
036.134  000.001  000.001: sourcing nvim_exec2() called at ColorScheme Autocommands for "*":0
036.137  000.001  000.001: sourcing nvim_exec2() called at ColorScheme Autocommands for "*":0
036.139  000.001  000.001: sourcing nvim_exec2() called at ColorScheme Autocommands for "*":0
036.141  000.001  000.001: sourcing nvim_exec2() called at ColorScheme Autocommands for "*":0
036.143  000.001  000.001: sourcing nvim_exec2() called at ColorScheme Autocommands for "*":0
036.145  000.001  000.001: sourcing nvim_exec2() called at ColorScheme Autocommands for "*":0
036.148  000.001  000.001: sourcing nvim_exec2() called at ColorScheme Autocommands for "*":0
036.150  000.001  000.001: sourcing nvim_exec2() called at ColorScheme Autocommands for "*":0
036.152  000.001  000.001: sourcing nvim_exec2() called at ColorScheme Autocommands for "*":0
036.154  000.001  000.001: sourcing nvim_exec2() called at ColorScheme Autocommands for "*":0
036.156  000.001  000.001: sourcing nvim_exec2() called at ColorScheme Autocommands for "*":0
036.158  000.001  000.001: sourcing nvim_exec2() called at ColorScheme Autocommands for "*":0
036.161  000.001  000.001: sourcing nvim_exec2() called at ColorScheme Autocommands for "*":0
036.163  000.001  000.001: sourcing nvim_exec2() called at ColorScheme Autocommands for "*":0
036.165  000.001  000.001: sourcing nvim_exec2() called at ColorScheme Autocommands for "*":0
036.167  000.001  000.001: sourcing nvim_exec2() called at ColorScheme Autocommands for "*":0
036.171  000.001  000.001: sourcing nvim_exec2() called at ColorScheme Autocommands for "*":0
036.173  000.001  000.001: sourcing nvim_exec2() called at ColorScheme Autocommands for "*":0
036.175  000.001  000.001: sourcing nvim_exec2() called at ColorScheme Autocommands for "*":0
036.178  000.001  000.001: sourcing nvim_exec2() called at ColorScheme Autocommands for "*":0
036.180  000.001  000.001: sourcing nvim_exec2() called at ColorScheme Autocommands for "*":0
036.182  000.001  000.001: sourcing nvim_exec2() called at ColorScheme Autocommands for "*":0
036.185  000.001  000.001: sourcing nvim_exec2() called at ColorScheme Autocommands for "*":0
036.187  000.001  000.001: sourcing nvim_exec2() called at ColorScheme Autocommands for "*":0
036.189  000.001  000.001: sourcing nvim_exec2() called at ColorScheme Autocommands for "*":0
036.192  000.001  000.001: sourcing nvim_exec2() called at ColorScheme Autocommands for "*":0
036.194  000.001  000.001: sourcing nvim_exec2() called at ColorScheme Autocommands for "*":0
036.196  000.001  000.001: sourcing nvim_exec2() called at ColorScheme Autocommands for "*":0
036.199  000.001  000.001: sourcing nvim_exec2() called at ColorScheme Autocommands for "*":0
036.201  000.001  000.001: sourcing nvim_exec2() called at ColorScheme Autocommands for "*":0
036.203  000.001  000.001: sourcing nvim_exec2() called at ColorScheme Autocommands for "*":0
036.205  000.001  000.001: sourcing nvim_exec2() called at ColorScheme Autocommands for "*":0
036.208  000.001  000.001: sourcing nvim_exec2() called at ColorScheme Autocommands for "*":0
036.210  000.001  000.001: sourcing nvim_exec2() called at ColorScheme Autocommands for "*":0
036.212  000.001  000.001: sourcing nvim_exec2() called at ColorScheme Autocommands for "*":0
036.214  000.001  000.001: sourcing nvim_exec2() called at ColorScheme Autocommands for "*":0
036.216  000.001  000.001: sourcing nvim_exec2() called at ColorScheme Autocommands for "*":0
036.219  000.001  000.001: sourcing nvim_exec2() called at ColorScheme Autocommands for "*":0
036.223  000.001  000.001: sourcing nvim_exec2() called at ColorScheme Autocommands for "*":0
036.225  000.001  000.001: sourcing nvim_exec2() called at ColorScheme Autocommands for "*":0
036.227  000.001  000.001: sourcing nvim_exec2() called at ColorScheme Autocommands for "*":0
036.237  000.003  000.003: sourcing nvim_exec2() called at ColorScheme Autocommands for "*":0
036.245  000.002  000.002: sourcing nvim_exec2() called at ColorScheme Autocommands for "*":0
036.251  000.001  000.001: sourcing nvim_exec2() called at ColorScheme Autocommands for "*":0
036.256  000.001  000.001: sourcing nvim_exec2() called at ColorScheme Autocommands for "*":0
036.261  000.002  000.002: sourcing nvim_exec2() called at ColorScheme Autocommands for "*":0
036.267  000.001  000.001: sourcing nvim_exec2() called at ColorScheme Autocommands for "*":0
036.271  000.001  000.001: sourcing nvim_exec2() called at ColorScheme Autocommands for "*":0
036.354  000.003  000.003: sourcing nvim_exec2() called at ColorScheme Autocommands for "*":0
036.360  000.002  000.002: sourcing nvim_exec2() called at ColorScheme Autocommands for "*":0
036.367  000.002  000.002: sourcing nvim_exec2() called at ColorScheme Autocommands for "*":0
036.394  000.002  000.002: sourcing nvim_exec2() called at ColorScheme Autocommands for "*":0
036.401  000.002  000.002: sourcing nvim_exec2() called at ColorScheme Autocommands for "*":0
036.405  000.002  000.002: sourcing nvim_exec2() called at ColorScheme Autocommands for "*":0
036.412  000.001  000.001: sourcing nvim_exec2() called at ColorScheme Autocommands for "*":0
036.415  000.001  000.001: sourcing nvim_exec2() called at ColorScheme Autocommands for "*":0
036.444  000.007  000.007: sourcing nvim_exec2() called at ColorScheme Autocommands for "*":0
036.451  000.002  000.002: sourcing nvim_exec2() called at ColorScheme Autocommands for "*":0
036.459  000.006  000.006: sourcing nvim_exec2() called at ColorScheme Autocommands for "*":0
036.487  000.002  000.002: sourcing nvim_exec2() called at ColorScheme Autocommands for "*":0
036.495  000.001  000.001: sourcing nvim_exec2() called at ColorScheme Autocommands for "*":0
036.499  000.001  000.001: sourcing nvim_exec2() called at ColorScheme Autocommands for "*":0
036.505  000.001  000.001: sourcing nvim_exec2() called at ColorScheme Autocommands for "*":0
036.509  000.001  000.001: sourcing nvim_exec2() called at ColorScheme Autocommands for "*":0
036.514  000.001  000.001: sourcing nvim_exec2() called at ColorScheme Autocommands for "*":0
036.520  000.001  000.001: sourcing nvim_exec2() called at ColorScheme Autocommands for "*":0
036.649  000.004  000.004: sourcing nvim_exec2() called at ColorScheme Autocommands for "*":0
036.656  000.003  000.003: sourcing nvim_exec2() called at ColorScheme Autocommands for "*":0
036.723  000.003  000.003: sourcing nvim_exec2() called at ColorScheme Autocommands for "*":0
036.729  000.002  000.002: sourcing nvim_exec2() called at ColorScheme Autocommands for "*":0
036.738  000.002  000.002: sourcing nvim_exec2() called at ColorScheme Autocommands for "*":0
036.743  000.002  000.002: sourcing nvim_exec2() called at ColorScheme Autocommands for "*":0
036.757  000.008  000.008: sourcing nvim_exec2() called at ColorScheme Autocommands for "*":0
036.763  000.002  000.002: sourcing nvim_exec2() called at ColorScheme Autocommands for "*":0
036.770  000.002  000.002: sourcing nvim_exec2() called at ColorScheme Autocommands for "*":0
036.803  000.002  000.002: sourcing nvim_exec2() called at ColorScheme Autocommands for "*":0
036.807  000.001  000.001: sourcing nvim_exec2() called at ColorScheme Autocommands for "*":0
036.814  000.001  000.001: sourcing nvim_exec2() called at ColorScheme Autocommands for "*":0
036.818  000.001  000.001: sourcing nvim_exec2() called at ColorScheme Autocommands for "*":0
036.822  000.001  000.001: sourcing nvim_exec2() called at ColorScheme Autocommands for "*":0
036.828  000.001  000.001: sourcing nvim_exec2() called at ColorScheme Autocommands for "*":0
036.833  000.001  000.001: sourcing nvim_exec2() called at ColorScheme Autocommands for "*":0
036.860  000.002  000.002: sourcing nvim_exec2() called at ColorScheme Autocommands for "*":0
036.864  000.001  000.001: sourcing nvim_exec2() called at ColorScheme Autocommands for "*":0
036.868  000.001  000.001: sourcing nvim_exec2() called at ColorScheme Autocommands for "*":0
036.874  000.001  000.001: sourcing nvim_exec2() called at ColorScheme Autocommands for "*":0
036.878  000.001  000.001: sourcing nvim_exec2() called at ColorScheme Autocommands for "*":0
036.882  000.001  000.001: sourcing nvim_exec2() called at ColorScheme Autocommands for "*":0
036.889  000.002  000.002: sourcing nvim_exec2() called at ColorScheme Autocommands for "*":0
036.896  000.004  000.004: sourcing nvim_exec2() called at ColorScheme Autocommands for "*":0
036.901  000.002  000.002: sourcing nvim_exec2() called at ColorScheme Autocommands for "*":0
036.904  000.002  000.002: sourcing nvim_exec2() called at ColorScheme Autocommands for "*":0
036.909  000.003  000.003: sourcing nvim_exec2() called at ColorScheme Autocommands for "*":0
036.983  000.003  000.003: sourcing nvim_exec2() called at ColorScheme Autocommands for "*":0
036.998  000.001  000.001: sourcing nvim_exec2() called at ColorScheme Autocommands for "*":0
037.006  000.001  000.001: sourcing nvim_exec2() called at ColorScheme Autocommands for "*":0
037.010  000.001  000.001: sourcing nvim_exec2() called at ColorScheme Autocommands for "*":0
037.014  000.001  000.001: sourcing nvim_exec2() called at ColorScheme Autocommands for "*":0
037.020  000.001  000.001: sourcing nvim_exec2() called at ColorScheme Autocommands for "*":0
037.024  000.001  000.001: sourcing nvim_exec2() called at ColorScheme Autocommands for "*":0
037.046  000.002  000.002: sourcing nvim_exec2() called at ColorScheme Autocommands for "*":0
037.051  000.001  000.001: sourcing nvim_exec2() called at ColorScheme Autocommands for "*":0
037.055  000.001  000.001: sourcing nvim_exec2() called at ColorScheme Autocommands for "*":0
037.061  000.001  000.001: sourcing nvim_exec2() called at ColorScheme Autocommands for "*":0
037.065  000.001  000.001: sourcing nvim_exec2() called at ColorScheme Autocommands for "*":0
037.076  000.001  000.001: sourcing nvim_exec2() called at ColorScheme Autocommands for "*":0
037.083  000.001  000.001: sourcing nvim_exec2() called at ColorScheme Autocommands for "*":0
037.090  000.002  000.002: sourcing nvim_exec2() called at ColorScheme Autocommands for "*":0
037.097  000.002  000.002: sourcing nvim_exec2() called at ColorScheme Autocommands for "*":0
037.101  000.001  000.001: sourcing nvim_exec2() called at ColorScheme Autocommands for "*":0
037.105  000.001  000.001: sourcing nvim_exec2() called at ColorScheme Autocommands for "*":0
037.109  000.001  000.001: sourcing nvim_exec2() called at ColorScheme Autocommands for "*":0
037.113  000.001  000.001: sourcing nvim_exec2() called at ColorScheme Autocommands for "*":0
037.118  000.002  000.002: sourcing nvim_exec2() called at ColorScheme Autocommands for "*":0
037.124  000.001  000.001: sourcing nvim_exec2() called at ColorScheme Autocommands for "*":0
037.134  000.001  000.001: sourcing nvim_exec2() called at ColorScheme Autocommands for "*":0
037.138  000.001  000.001: sourcing nvim_exec2() called at ColorScheme Autocommands for "*":0
037.143  000.001  000.001: sourcing nvim_exec2() called at ColorScheme Autocommands for "*":0
037.147  000.001  000.001: sourcing nvim_exec2() called at ColorScheme Autocommands for "*":0
037.151  000.001  000.001: sourcing nvim_exec2() called at ColorScheme Autocommands for "*":0
037.158  000.002  000.002: sourcing nvim_exec2() called at ColorScheme Autocommands for "*":0
037.239  000.008  000.008: sourcing nvim_exec2() called at ColorScheme Autocommands for "*":0
037.251  000.003  000.003: sourcing nvim_exec2() called at ColorScheme Autocommands for "*":0
037.262  000.009  000.009: sourcing nvim_exec2() called at ColorScheme Autocommands for "*":0
037.269  000.005  000.005: sourcing nvim_exec2() called at ColorScheme Autocommands for "*":0
037.275  000.003  000.003: sourcing nvim_exec2() called at ColorScheme Autocommands for "*":0
037.385  000.102  000.102: require('telescope.builtin')
037.545  000.145  000.145: require('vim.lsp.buf')
037.560  034.716  002.243: sourcing /home/douglas/.config/nvim/init.lua
037.565  000.467: sourcing vimrc file(s)
037.717  000.037  000.037: sourcing /home/douglas/.local/share/bob/v0.11.5/share/nvim/runtime/filetype.lua
037.939  000.045  000.045: sourcing /home/douglas/.local/share/bob/v0.11.5/share/nvim/runtime/syntax/synload.vim
037.990  000.184  000.140: sourcing /home/douglas/.local/share/bob/v0.11.5/share/nvim/runtime/syntax/syntax.vim
037.998  000.212: inits 3
039.195  001.197: reading ShaDa
039.314  000.118: opening buffers
039.387  000.074: BufEnter autocommands
039.389  000.002: editing files in windows
039.393  000.004: --- NVIM STARTED ---

--- Startup times for process: Primary (or UI client) ---

times in msec
 clock   self+sourced   self:  sourced script
 clock   elapsed:              other lines

000.002  000.002: --- NVIM STARTING ---
000.117  000.116: event init
000.206  000.088: early init
000.257  000.051: locale set
000.307  000.050: init first window
000.646  000.339: inits 1
000.655  000.009: window checked
000.658  000.003: parsing arguments
001.088  000.035  000.035: require('vim.shared')
001.164  000.031  000.031: require('vim.inspect')
001.205  000.034  000.034: require('vim._options')
001.209  000.117  000.052: require('vim._editor')
001.210  000.176  000.024: require('vim._init_packages')
001.212  000.377: init lua interpreter
003.129  001.917: nvim_ui_attach
003.375  000.246: nvim_set_client_info
003.377  000.002: --- NVIM STARTED ---

--- Startup times for process: Embedded ---

times in msec
 clock   self+sourced   self:  sourced script
 clock   elapsed:              other lines

000.002  000.002: --- NVIM STARTING ---
000.107  000.105: event init
000.176  000.070: early init
000.213  000.036: locale set
000.256  000.043: init first window
000.529  000.273: inits 1
000.538  000.009: window checked
000.540  000.001: parsing arguments
000.907  000.032  000.032: require('vim.shared')
000.981  000.029  000.029: require('vim.inspect')
001.021  000.033  000.033: require('vim._options')
001.024  000.115  000.052: require('vim._editor')
001.025  000.164  000.018: require('vim._init_packages')
001.026  000.323: init lua interpreter
001.081  000.054: expanding arguments
001.095  000.014: inits 2
001.301  000.207: init highlight
001.302  000.001: waiting for UI
001.391  000.089: done waiting for UI
001.394  000.003: clear screen
001.500  000.020  000.020: require('vim.keymap')
002.099  000.125  000.125: sourcing nvim_exec2()
002.199  000.802  000.658: require('vim._defaults')
002.200  000.003: init default mappings & autocommands
002.586  000.032  000.032: sourcing /home/douglas/.local/share/bob/v0.11.5/share/nvim/runtime/ftplugin.vim
002.644  000.018  000.018: sourcing /home/douglas/.local/share/bob/v0.11.5/share/nvim/runtime/indent.vim
002.861  000.072  000.072: require('vim.fs')
002.943  000.079  000.079: require('vim.uri')
002.954  000.185  000.034: require('vim.loader')
003.123  000.140  000.140: require('core.options')
003.716  000.491  000.491: require('lazy')
003.739  000.012  000.012: require('ffi')
003.781  000.038  000.038: require('lazy.stats')
003.867  000.073  000.073: require('lazy.core.util')
003.945  000.076  000.076: require('lazy.core.config')
004.154  000.131  000.131: require('lazy.core.handler')
004.385  000.068  000.068: require('lazy.pkg')
004.389  000.148  000.080: require('lazy.core.meta')
004.396  000.240  000.091: require('lazy.core.plugin')
004.402  000.456  000.085: require('lazy.core.loader')
004.905  000.160  000.160: require('lazy.core.fragments')
005.550  000.045  000.045: require('lazy.core.handler.keys')
005.658  000.050  000.050: require('lazy.core.handler.event')
005.660  000.107  000.056: require('lazy.core.handler.ft')
005.695  000.032  000.032: require('lazy.core.handler.cmd')
005.773  000.004  000.004: sourcing nvim_exec2() called at /home/douglas/.config/nvim/init.lua:0
005.782  000.001  000.001: sourcing nvim_exec2() called at /home/douglas/.config/nvim/init.lua:0
005.799  000.001  000.001: sourcing nvim_exec2() called at /home/douglas/.config/nvim/init.lua:0
005.805  000.001  000.001: sourcing nvim_exec2() called at /home/douglas/.config/nvim/init.lua:0
005.814  000.001  000.001: sourcing nvim_exec2() called at /home/douglas/.config/nvim/init.lua:0
005.819  000.001  000.001: sourcing nvim_exec2() called at /home/douglas/.config/nvim/init.lua:0
006.092  000.116  000.116: sourcing nvim_exec2() called at /home/douglas/.local/share/bob/v0.11.5/share/nvim/runtime/filetype.lua:0
006.098  000.159  000.043: sourcing /home/douglas/.local/share/bob/v0.11.5/share/nvim/runtime/filetype.lua
006.100  000.191  000.032: sourcing nvim_exec2() called at /home/douglas/.config/nvim/init.lua:0
006.141  000.001  000.001: sourcing nvim_exec2() called at /home/douglas/.config/nvim/init.lua:0
006.147  000.001  000.001: sourcing nvim_exec2() called at /home/douglas/.config/nvim/init.lua:0
006.395  000.002  000.002: sourcing nvim_exec2() called at /home/douglas/.config/nvim/init.lua:0
006.402  000.001  000.001: sourcing nvim_exec2() called at /home/douglas/.config/nvim/init.lua:0
006.765  000.065  000.065: require('mason-core.path')
006.891  000.023  000.023: require('mason-core.functional.data')
006.920  000.027  000.027: require('mason-core.functional.function')
006.979  000.055  000.055: require('mason-core.functional.list')
007.018  000.033  000.033: require('mason-core.functional.relation')
007.048  000.028  000.028: require('mason-core.functional.logic')
007.093  000.043  000.043: require('mason-core.functional.number')
007.132  000.034  000.034: require('mason-core.functional.string')
007.166  000.031  000.031: require('mason-core.functional.table')
007.219  000.051  000.051: require('mason-core.functional.type')
007.222  000.403  000.080: require('mason-core.functional')
007.282  000.515  000.111: require('mason-core.platform')
007.340  000.056  000.056: require('mason.settings')
007.343  000.727  000.090: require('mason-core.installer.InstallLocation')
007.542  000.123  000.123: require('mason-core.log')
007.545  000.156  000.033: require('mason-core.EventEmitter')
007.612  000.066  000.066: require('mason-registry.sources')
007.618  000.275  000.053: require('mason-registry')
007.620  001.156  000.155: require('mason')
007.964  000.126  000.126: require('mason.api.command')
008.578  000.214  000.214: require('vim.lsp.log')
009.036  000.455  000.455: require('vim.lsp.protocol')
009.198  000.159  000.159: require('vim.lsp.util')
009.274  000.032  000.032: require('vim.lsp.sync')
009.278  000.077  000.045: require('vim.lsp._changetracking')
009.444  000.046  000.046: require('vim.lsp._transport')
009.469  000.189  000.143: require('vim.lsp.rpc')
009.528  001.385  000.291: require('vim.lsp')
009.850  000.320  000.320: require('lspconfig.util')
009.863  001.809  000.104: sourcing /home/douglas/.local/share/nvim/lazy/nvim-lspconfig/plugin/lspconfig.lua
009.866  001.837  000.028: sourcing nvim_exec2() called at /home/douglas/.config/nvim/init.lua:0
009.872  000.002  000.002: sourcing nvim_exec2() called at /home/douglas/.config/nvim/init.lua:0
009.879  000.001  000.001: sourcing nvim_exec2() called at /home/douglas/.config/nvim/init.lua:0
009.886  000.001  000.001: sourcing nvim_exec2() called at /home/douglas/.config/nvim/init.lua:0
009.892  000.001  000.001: sourcing nvim_exec2() called at /home/douglas/.config/nvim/init.lua:0
009.963  000.025  000.025: require('mason-lspconfig.settings')
009.965  000.062  000.037: require('mason-lspconfig')
010.020  000.035  000.035: require('mason-core.async')
010.091  000.044  000.044: require('mason-core.async.control')
010.131  000.038  000.038: require('mason-core.result')
010.202  000.031  000.031: require('mason-core.async.uv')
010.207  000.074  000.043: require('mason-core.fs')
010.218  000.196  000.039: require('mason-registry.installer')
010.375  000.073  000.073: require('mason-core.optional')
010.517  000.067  000.067: require('mason-core.process')
010.565  000.046  000.046: require('mason-core.spawn')
010.568  000.151  000.038: require('mason-core.installer.managers.powershell')
010.596  000.027  000.027: require('mason.version')
010.598  000.220  000.042: require('mason-core.fetch')
010.633  000.034  000.034: require('mason-core.providers')
010.918  000.125  000.125: require('mason-core.purl')
010.928  000.191  000.066: require('mason-core.package.AbstractPackage')
011.209  000.065  000.065: require('mason-core.installer.compiler.expr')
011.219  000.162  000.097: require('mason-core.installer.compiler.link')
011.502  000.052  000.052: require('mason-core.installer.context.InstallContextCwd')
011.556  000.052  000.052: require('mason-core.installer.context.InstallContextFs')
011.593  000.036  000.036: require('mason-core.installer.context.InstallContextSpawn')
011.646  000.051  000.051: require('mason-core.receipt')
011.682  000.299  000.108: require('mason-core.installer.context')
011.686  000.348  000.049: require('mason-core.installer')
011.723  000.454  000.107: require('mason-core.installer.managers.std')
011.725  000.505  000.051: require('mason-core.installer.compiler.schemas')
011.804  000.079  000.079: require('mason-core.installer.compiler.util')
011.829  000.839  000.094: require('mason-core.installer.compiler')
011.950  000.119  000.119: require('mason-core.installer.linker')
011.961  001.032  000.074: require('mason-core.installer.InstallRunner')
012.027  000.065  000.065: require('mason-core.installer.UninstallRunner')
012.036  001.364  000.077: require('mason-core.package')
012.038  001.404  000.039: require('mason-registry.sources.util')
012.058  001.808  000.077: require('mason-registry.sources.github')
015.399  000.004  000.004: require('vim.F')
015.473  000.039  000.039: require('mason-lspconfig.mappings')
015.476  000.074  000.034: require('mason-lspconfig.features.automatic_enable')
021.417  000.086  000.086: require('mason-lspconfig.notify')
021.439  000.196  000.110: require('mason-lspconfig.api.command')
021.679  000.017  000.017: sourcing /home/douglas/.local/share/nvim/lazy/plenary.nvim/plugin/plenary.vim
021.682  000.044  000.027: sourcing nvim_exec2() called at /home/douglas/.config/nvim/init.lua:0
021.690  000.001  000.001: sourcing nvim_exec2() called at /home/douglas/.config/nvim/init.lua:0
021.700  000.001  000.001: sourcing nvim_exec2() called at /home/douglas/.config/nvim/init.lua:0
022.022  000.234  000.234: sourcing /home/douglas/.local/share/nvim/lazy/telescope.nvim/plugin/telescope.lua
022.026  000.259  000.025: sourcing nvim_exec2() called at /home/douglas/.config/nvim/init.lua:0
022.032  000.002  000.002: sourcing nvim_exec2() called at /home/douglas/.config/nvim/init.lua:0
022.043  000.001  000.001: sourcing nvim_exec2() called at /home/douglas/.config/nvim/init.lua:0
022.342  000.002  000.002: sourcing nvim_exec2() called at /home/douglas/.config/nvim/init.lua:0
022.354  000.001  000.001: sourcing nvim_exec2() called at /home/douglas/.config/nvim/init.lua:0
022.600  000.022  000.022: sourcing /home/douglas/.local/share/nvim/lazy/nvim-web-devicons/plugin/nvim-web-devicons.vim
022.604  000.048  000.026: sourcing nvim_exec2() called at /home/douglas/.config/nvim/init.lua:0
022.610  000.001  000.001: sourcing nvim_exec2() called at /home/douglas/.config/nvim/init.lua:0
022.618  000.001  000.001: sourcing nvim_exec2() called at /home/douglas/.config/nvim/init.lua:0
022.730  000.072  000.072: sourcing /home/douglas/.local/share/nvim/lazy/neo-tree.nvim/plugin/neo-tree.lua
022.733  000.095  000.023: sourcing nvim_exec2() called at /home/douglas/.config/nvim/init.lua:0
022.737  000.001  000.001: sourcing nvim_exec2() called at /home/douglas/.config/nvim/init.lua:0
022.744  000.001  000.001: sourcing nvim_exec2() called at /home/douglas/.config/nvim/init.lua:0
023.112  000.366  000.366: require('neo-tree')
023.197  000.082  000.082: require('neo-tree.log')
023.524  000.026  000.026: require('vim.treesitter.language')
023.547  000.020  000.020: require('vim.func')
023.573  000.023  000.023: require('vim.func._memoize')
023.587  000.146  000.076: require('vim.treesitter.query')
023.621  000.033  000.033: require('vim.treesitter._range')
023.632  000.247  000.068: require('vim.treesitter.languagetree')
023.636  000.289  000.041: require('vim.treesitter')
023.760  000.450  000.161: sourcing /home/douglas/.local/share/nvim/lazy/nvim-treesitter/plugin/filetypes.lua
023.764  000.477  000.027: sourcing nvim_exec2() called at /home/douglas/.config/nvim/init.lua:0
023.838  000.047  000.047: sourcing /home/douglas/.local/share/nvim/lazy/nvim-treesitter/plugin/nvim-treesitter.lua
023.841  000.073  000.026: sourcing nvim_exec2() called at /home/douglas/.config/nvim/init.lua:0
023.887  000.023  000.023: sourcing /home/douglas/.local/share/nvim/lazy/nvim-treesitter/plugin/query_predicates.lua
023.890  000.045  000.022: sourcing nvim_exec2() called at /home/douglas/.config/nvim/init.lua:0
023.912  000.002  000.002: sourcing nvim_exec2() called at /home/douglas/.config/nvim/init.lua:0
023.919  000.001  000.001: sourcing nvim_exec2() called at /home/douglas/.config/nvim/init.lua:0
024.117  000.002  000.002: sourcing nvim_exec2() called at /home/douglas/.config/nvim/init.lua:0
024.124  000.001  000.001: sourcing nvim_exec2() called at /home/douglas/.config/nvim/init.lua:0
024.393  000.038  000.038: require('lualine_require')
024.600  000.472  000.434: require('lualine')
024.800  000.008  000.008: sourcing nvim_exec2() called at /home/douglas/.config/nvim/init.lua:0
025.186  000.068  000.068: require('lualine.highlight')
025.603  000.006  000.006: sourcing nvim_exec2() called at /home/douglas/.config/nvim/init.lua:0
025.619  000.009  000.009: sourcing nvim_exec2() called at /home/douglas/.config/nvim/init.lua:0
025.627  000.002  000.002: sourcing nvim_exec2() called at /home/douglas/.config/nvim/init.lua:0
025.633  000.002  000.002: sourcing nvim_exec2() called at /home/douglas/.config/nvim/init.lua:0
025.641  000.002  000.002: sourcing nvim_exec2() called at /home/douglas/.config/nvim/init.lua:0
025.646  000.002  000.002: sourcing nvim_exec2() called at /home/douglas/.config/nvim/init.lua:0
025.687  000.037  000.037: sourcing nvim_exec2() called at /home/douglas/.config/nvim/init.lua:0
025.695  000.002  000.002: sourcing nvim_exec2() called at /home/douglas/.config/nvim/init.lua:0
025.700  000.001  000.001: sourcing nvim_exec2() called at /home/douglas/.config/nvim/init.lua:0
025.712  000.002  000.002: sourcing nvim_exec2() called at /home/douglas/.config/nvim/init.lua:0
025.725  000.002  000.002: sourcing nvim_exec2() called at /home/douglas/.config/nvim/init.lua:0
025.730  000.001  000.001: sourcing nvim_exec2() called at /home/douglas/.config/nvim/init.lua:0
025.737  000.002  000.002: sourcing nvim_exec2() called at /home/douglas/.config/nvim/init.lua:0
025.742  000.001  000.001: sourcing nvim_exec2() called at /home/douglas/.config/nvim/init.lua:0
025.749  000.001  000.001: sourcing nvim_exec2() called at /home/douglas/.config/nvim/init.lua:0
025.754  000.002  000.002: sourcing nvim_exec2() called at /home/douglas/.config/nvim/init.lua:0
025.758  000.001  000.001: sourcing nvim_exec2() called at /home/douglas/.config/nvim/init.lua:0
025.765  000.001  000.001: sourcing nvim_exec2() called at /home/douglas/.config/nvim/init.lua:0
025.770  000.002  000.002: sourcing nvim_exec2() called at /home/douglas/.config/nvim/init.lua:0
025.777  000.001  000.001: sourcing nvim_exec2() called at /home/douglas/.config/nvim/init.lua:0
025.781  000.001  000.001: sourcing nvim_exec2() called at /home/douglas/.config/nvim/init.lua:0
025.788  000.001  000.001: sourcing nvim_exec2() called at /home/douglas/.config/nvim/init.lua:0
025.796  000.006  000.006: sourcing nvim_exec2() called at /home/douglas/.config/nvim/init.lua:0
026.269  000.037  000.037: require('lualine.utils.mode')
026.517  000.058  000.058: sourcing nvim_exec2() called at /home/douglas/.config/nvim/init.lua:0
026.525  000.003  000.003: sourcing nvim_exec2() called at /home/douglas/.config/nvim/init.lua:0
026.741  000.005  000.005: sourcing nvim_exec2() called at /home/douglas/.config/nvim/init.lua:0
026.765  000.002  000.002: sourcing nvim_exec2() called at /home/douglas/.config/nvim/init.lua:0
026.773  000.002  000.002: sourcing nvim_exec2() called at /home/douglas/.config/nvim/init.lua:0
026.778  000.001  000.001: sourcing nvim_exec2() called at /home/douglas/.config/nvim/init.lua:0
026.783  000.001  000.001: sourcing nvim_exec2() called at /home/douglas/.config/nvim/init.lua:0
026.790  000.001  000.001: sourcing nvim_exec2() called at /home/douglas/.config/nvim/init.lua:0
026.813  000.002  000.002: sourcing nvim_exec2() called at /home/douglas/.config/nvim/init.lua:0
026.823  000.002  000.002: sourcing nvim_exec2() called at /home/douglas/.config/nvim/init.lua:0
026.828  000.002  000.002: sourcing nvim_exec2() called at /home/douglas/.config/nvim/init.lua:0
026.835  000.001  000.001: sourcing nvim_exec2() called at /home/douglas/.config/nvim/init.lua:0
026.839  000.001  000.001: sourcing nvim_exec2() called at /home/douglas/.config/nvim/init.lua:0
026.850  000.001  000.001: sourcing nvim_exec2() called at /home/douglas/.config/nvim/init.lua:0
026.855  000.001  000.001: sourcing nvim_exec2() called at /home/douglas/.config/nvim/init.lua:0
026.860  000.001  000.001: sourcing nvim_exec2() called at /home/douglas/.config/nvim/init.lua:0
026.867  000.002  000.002: sourcing nvim_exec2() called at /home/douglas/.config/nvim/init.lua:0
026.874  000.001  000.001: sourcing nvim_exec2() called at /home/douglas/.config/nvim/init.lua:0
026.898  000.002  000.002: sourcing nvim_exec2() called at /home/douglas/.config/nvim/init.lua:0
026.916  000.002  000.002: sourcing nvim_exec2() called at /home/douglas/.config/nvim/init.lua:0
026.934  000.002  000.002: sourcing nvim_exec2() called at /home/douglas/.config/nvim/init.lua:0
026.965  000.002  000.002: sourcing nvim_exec2() called at /home/douglas/.config/nvim/init.lua:0
026.985  000.002  000.002: sourcing nvim_exec2() called at /home/douglas/.config/nvim/init.lua:0
027.092  000.005  000.005: sourcing nvim_exec2() called at /home/douglas/.config/nvim/init.lua:0
027.098  000.002  000.002: sourcing nvim_exec2() called at /home/douglas/.config/nvim/init.lua:0
027.101  000.002  000.002: sourcing nvim_exec2() called at /home/douglas/.config/nvim/init.lua:0
027.106  000.003  000.003: sourcing nvim_exec2() called at /home/douglas/.config/nvim/init.lua:0
027.421  000.004  000.004: sourcing nvim_exec2() called at /home/douglas/.config/nvim/init.lua:0
027.428  000.002  000.002: sourcing nvim_exec2() called at /home/douglas/.config/nvim/init.lua:0
027.433  000.002  000.002: sourcing nvim_exec2() called at /home/douglas/.config/nvim/init.lua:0
027.440  000.002  000.002: sourcing nvim_exec2() called at /home/douglas/.config/nvim/init.lua:0
027.469  000.002  000.002: sourcing nvim_exec2() called at /home/douglas/.config/nvim/init.lua:0
027.476  000.002  000.002: sourcing nvim_exec2() called at /home/douglas/.config/nvim/init.lua:0
027.481  000.001  000.001: sourcing nvim_exec2() called at /home/douglas/.config/nvim/init.lua:0
027.490  000.002  000.002: sourcing nvim_exec2() called at /home/douglas/.config/nvim/init.lua:0
027.495  000.002  000.002: sourcing nvim_exec2() called at /home/douglas/.config/nvim/init.lua:0
027.501  000.001  000.001: sourcing nvim_exec2() called at /home/douglas/.config/nvim/init.lua:0
027.506  000.001  000.001: sourcing nvim_exec2() called at /home/douglas/.config/nvim/init.lua:0
027.510  000.001  000.001: sourcing nvim_exec2() called at /home/douglas/.config/nvim/init.lua:0
027.517  000.001  000.001: sourcing nvim_exec2() called at /home/douglas/.config/nvim/init.lua:0
027.521  000.002  000.002: sourcing nvim_exec2() called at /home/douglas/.config/nvim/init.lua:0
027.530  000.002  000.002: sourcing nvim_exec2() called at /home/douglas/.config/nvim/init.lua:0
027.535  000.002  000.002: sourcing nvim_exec2() called at /home/douglas/.config/nvim/init.lua:0
027.541  000.001  000.001: sourcing nvim_exec2() called at /home/douglas/.config/nvim/init.lua:0
027.546  000.001  000.001: sourcing nvim_exec2() called at /home/douglas/.config/nvim/init.lua:0
027.550  000.001  000.001: sourcing nvim_exec2() called at /home/douglas/.config/nvim/init.lua:0
027.556  000.002  000.002: sourcing nvim_exec2() called at /home/douglas/.config/nvim/init.lua:0
027.561  000.001  000.001: sourcing nvim_exec2() called at /home/douglas/.config/nvim/init.lua:0
027.568  000.002  000.002: sourcing nvim_exec2() called at /home/douglas/.config/nvim/init.lua:0
027.576  000.001  000.001: sourcing nvim_exec2() called at /home/douglas/.config/nvim/init.lua:0
027.580  000.001  000.001: sourcing nvim_exec2() called at /home/douglas/.config/nvim/init.lua:0
027.585  000.001  000.001: sourcing nvim_exec2() called at /home/douglas/.config/nvim/init.lua:0
027.606  000.002  000.002: sourcing nvim_exec2() called at /home/douglas/.config/nvim/init.lua:0
027.617  000.002  000.002: sourcing nvim_exec2() called at /home/douglas/.config/nvim/init.lua:0
027.622  000.001  000.001: sourcing nvim_exec2() called at /home/douglas/.config/nvim/init.lua:0
028.045  000.007  000.007: sourcing nvim_exec2() called at /home/douglas/.config/nvim/init.lua:0
028.061  000.003  000.003: sourcing nvim_exec2() called at /home/douglas/.config/nvim/init.lua:0
028.081  000.017  000.017: sourcing nvim_exec2() called at /home/douglas/.config/nvim/init.lua:0
028.087  000.004  000.004: sourcing nvim_exec2() called at /home/douglas/.config/nvim/init.lua:0
028.092  000.003  000.003: sourcing nvim_exec2() called at /home/douglas/.config/nvim/init.lua:0
028.618  000.334  000.334: require('auto-save.config')
028.687  000.026  000.026: require('auto-save.utils.data')
028.726  000.037  000.037: require('auto-save.utils.colors')
028.757  000.030  000.030: require('auto-save.utils.echo')
028.764  000.142  000.049: require('auto-save')
028.774  000.519  000.043: sourcing /home/douglas/.local/share/nvim/lazy/auto-save.nvim/plugin/auto-save.lua
028.777  000.545  000.025: sourcing nvim_exec2() called at /home/douglas/.config/nvim/init.lua:0
028.782  000.002  000.002: sourcing nvim_exec2() called at /home/douglas/.config/nvim/init.lua:0
028.789  000.001  000.001: sourcing nvim_exec2() called at /home/douglas/.config/nvim/init.lua:0
029.032  000.037  000.037: sourcing /home/douglas/.local/share/bob/v0.11.5/share/nvim/runtime/plugin/editorconfig.lua
029.036  000.068  000.031: sourcing nvim_exec2() called at /home/douglas/.config/nvim/init.lua:0
029.202  000.139  000.139: sourcing /home/douglas/.local/share/bob/v0.11.5/share/nvim/runtime/plugin/gzip.vim
029.205  000.166  000.027: sourcing nvim_exec2() called at /home/douglas/.config/nvim/init.lua:0
029.272  000.037  000.037: sourcing /home/douglas/.local/share/bob/v0.11.5/share/nvim/runtime/plugin/man.lua
029.275  000.066  000.029: sourcing nvim_exec2() called at /home/douglas/.config/nvim/init.lua:0
029.765  000.116  000.116: sourcing /home/douglas/.local/share/bob/v0.11.5/share/nvim/runtime/pack/dist/opt/matchit/plugin/matchit.vim
029.782  000.475  000.360: sourcing /home/douglas/.local/share/bob/v0.11.5/share/nvim/runtime/plugin/matchit.vim
029.784  000.504  000.029: sourcing nvim_exec2() called at /home/douglas/.config/nvim/init.lua:0
029.898  000.085  000.085: sourcing /home/douglas/.local/share/bob/v0.11.5/share/nvim/runtime/plugin/matchparen.vim
029.901  000.112  000.027: sourcing nvim_exec2() called at /home/douglas/.config/nvim/init.lua:0
030.452  000.165  000.165: sourcing /home/douglas/.local/share/bob/v0.11.5/share/nvim/runtime/pack/dist/opt/netrw/plugin/netrwPlugin.vim
030.475  000.522  000.357: sourcing /home/douglas/.local/share/bob/v0.11.5/share/nvim/runtime/plugin/netrwPlugin.vim
030.477  000.552  000.030: sourcing nvim_exec2() called at /home/douglas/.config/nvim/init.lua:0
030.594  000.068  000.068: sourcing /home/douglas/.local/share/bob/v0.11.5/share/nvim/runtime/plugin/osc52.lua
030.597  000.102  000.034: sourcing nvim_exec2() called at /home/douglas/.config/nvim/init.lua:0
030.725  000.095  000.095: sourcing /home/douglas/.local/share/bob/v0.11.5/share/nvim/runtime/plugin/rplugin.vim
030.728  000.128  000.032: sourcing nvim_exec2() called at /home/douglas/.config/nvim/init.lua:0
030.801  000.036  000.036: sourcing /home/douglas/.local/share/bob/v0.11.5/share/nvim/runtime/plugin/shada.vim
030.804  000.069  000.033: sourcing nvim_exec2() called at /home/douglas/.config/nvim/init.lua:0
030.852  000.011  000.011: sourcing /home/douglas/.local/share/bob/v0.11.5/share/nvim/runtime/plugin/spellfile.vim
030.855  000.048  000.037: sourcing nvim_exec2() called at /home/douglas/.config/nvim/init.lua:0
030.945  000.060  000.060: sourcing /home/douglas/.local/share/bob/v0.11.5/share/nvim/runtime/plugin/tarPlugin.vim
030.948  000.090  000.030: sourcing nvim_exec2() called at /home/douglas/.config/nvim/init.lua:0
031.041  000.055  000.055: sourcing /home/douglas/.local/share/bob/v0.11.5/share/nvim/runtime/plugin/tohtml.lua
031.045  000.093  000.039: sourcing nvim_exec2() called at /home/douglas/.config/nvim/init.lua:0
031.099  000.013  000.013: sourcing /home/douglas/.local/share/bob/v0.11.5/share/nvim/runtime/plugin/tutor.vim
031.102  000.054  000.041: sourcing nvim_exec2() called at /home/douglas/.config/nvim/init.lua:0
031.228  000.093  000.093: sourcing /home/douglas/.local/share/bob/v0.11.5/share/nvim/runtime/plugin/zipPlugin.vim
031.231  000.124  000.031: sourcing nvim_exec2() called at /home/douglas/.config/nvim/init.lua:0
031.357  028.194  015.908: require('plugins.main')
031.596  000.186  000.186: require('vim.diagnostic')
031.964  000.011  000.011: sourcing nvim_exec2() called at /home/douglas/.config/nvim/init.lua:0
032.576  000.003  000.003: sourcing nvim_exec2() called at /home/douglas/.config/nvim/init.lua:0
032.580  000.001  000.001: sourcing nvim_exec2() called at /home/douglas/.config/nvim/init.lua:0
032.583  000.001  000.001: sourcing nvim_exec2() called at /home/douglas/.config/nvim/init.lua:0
032.597  000.001  000.001: sourcing nvim_exec2() called at /home/douglas/.config/nvim/init.lua:0
032.600  000.001  000.001: sourcing nvim_exec2() called at /home/douglas/.config/nvim/init.lua:0
032.602  000.001  000.001: sourcing nvim_exec2() called at /home/douglas/.config/nvim/init.lua:0
032.605  000.001  000.001: sourcing nvim_exec2() called at /home/douglas/.config/nvim/init.lua:0
032.607  000.001  000.001: sourcing nvim_exec2() called at /home/douglas/.config/nvim/init.lua:0
032.609  000.001  000.001: sourcing nvim_exec2() called at /home/douglas/.config/nvim/init.lua:0
032.611  000.001  000.001: sourcing nvim_exec2() called at /home/douglas/.config/nvim/init.lua:0
032.614  000.001  000.001: sourcing nvim_exec2() called at /home/douglas/.config/nvim/init.lua:0
032.616  000.001  000.001: sourcing nvim_exec2() called at /home/douglas/.config/nvim/init.lua:0
032.618  000.001  000.001: sourcing nvim_exec2() called at /home/douglas/.config/nvim/init.lua:0
032.621  000.001  000.001: sourcing nvim_exec2() called at /home/douglas/.config/nvim/init.lua:0
032.623  000.001  000.001: sourcing nvim_exec2() called at /home/douglas/.config/nvim/init.lua:0
032.625  000.001  000.001: sourcing nvim_exec2() called at /home/douglas/.config/nvim/init.lua:0
032.628  000.001  000.001: sourcing nvim_exec2() called at /home/douglas/.config/nvim/init.lua:0
032.630  000.001  000.001: sourcing nvim_exec2() called at /home/douglas/.config/nvim/init.lua:0
032.635  000.001  000.001: sourcing nvim_exec2() called at /home/douglas/.config/nvim/init.lua:0
032.637  000.001  000.001: sourcing nvim_exec2() called at /home/douglas/.config/nvim/init.lua:0
032.639  000.001  000.001: sourcing nvim_exec2() called at /home/douglas/.config/nvim/init.lua:0
032.642  000.001  000.001: sourcing nvim_exec2() called at /home/douglas/.config/nvim/init.lua:0
032.644  000.001  000.001: sourcing nvim_exec2() called at /home/douglas/.config/nvim/init.lua:0
032.646  000.001  000.001: sourcing nvim_exec2() called at /home/douglas/.config/nvim/init.lua:0
032.649  000.001  000.001: sourcing nvim_exec2() called at /home/douglas/.config/nvim/init.lua:0
032.651  000.001  000.001: sourcing nvim_exec2() called at /home/douglas/.config/nvim/init.lua:0
032.653  000.001  000.001: sourcing nvim_exec2() called at /home/douglas/.config/nvim/init.lua:0
032.656  000.001  000.001: sourcing nvim_exec2() called at /home/douglas/.config/nvim/init.lua:0
032.658  000.001  000.001: sourcing nvim_exec2() called at /home/douglas/.config/nvim/init.lua:0
032.660  000.001  000.001: sourcing nvim_exec2() called at /home/douglas/.config/nvim/init.lua:0
032.662  000.001  000.001: sourcing nvim_exec2() called at /home/douglas/.config/nvim/init.lua:0
032.665  000.001  000.001: sourcing nvim_exec2() called at /home/douglas/.config/nvim/init.lua:0
032.680  000.001  000.001: sourcing nvim_exec2() called at /home/douglas/.config/nvim/init.lua:0
032.696  000.001  000.001: sourcing nvim_exec2() called at /home/douglas/.config/nvim/init.lua:0
032.706  000.001  000.001: sourcing nvim_exec2() called at /home/douglas/.config/nvim/init.lua:0
032.709  000.001  000.001: sourcing nvim_exec2() called at /home/douglas/.config/nvim/init.lua:0
032.711  000.001  000.001: sourcing nvim_exec2() called at /home/douglas/.config/nvim/init.lua:0
032.713  000.001  000.001: sourcing nvim_exec2() called at /home/douglas/.config/nvim/init.lua:0
032.716  000.001  000.001: sourcing nvim_exec2() called at /home/douglas/.config/nvim/init.lua:0
032.718  000.001  000.001: sourcing nvim_exec2() called at /home/douglas/.config/nvim/init.lua:0
032.720  000.001  000.001: sourcing nvim_exec2() called at /home/douglas/.config/nvim/init.lua:0
032.723  000.001  000.001: sourcing nvim_exec2() called at /home/douglas/.config/nvim/init.lua:0
032.725  000.001  000.001: sourcing nvim_exec2() called at /home/douglas/.config/nvim/init.lua:0
032.727  000.001  000.001: sourcing nvim_exec2() called at /home/douglas/.config/nvim/init.lua:0
032.729  000.001  000.001: sourcing nvim_exec2() called at /home/douglas/.config/nvim/init.lua:0
032.731  000.001  000.001: sourcing nvim_exec2() called at /home/douglas/.config/nvim/init.lua:0
032.734  000.001  000.001: sourcing nvim_exec2() called at /home/douglas/.config/nvim/init.lua:0
032.738  000.001  000.001: sourcing nvim_exec2() called at /home/douglas/.config/nvim/init.lua:0
032.740  000.001  000.001: sourcing nvim_exec2() called at /home/douglas/.config/nvim/init.lua:0
032.743  000.001  000.001: sourcing nvim_exec2() called at /home/douglas/.config/nvim/init.lua:0
032.745  000.001  000.001: sourcing nvim_exec2() called at /home/douglas/.config/nvim/init.lua:0
032.747  000.001  000.001: sourcing nvim_exec2() called at /home/douglas/.config/nvim/init.lua:0
032.750  000.001  000.001: sourcing nvim_exec2() called at /home/douglas/.config/nvim/init.lua:0
032.752  000.001  000.001: sourcing nvim_exec2() called at /home/douglas/.config/nvim/init.lua:0
032.754  000.001  000.001: sourcing nvim_exec2() called at /home/douglas/.config/nvim/init.lua:0
032.756  000.001  000.001: sourcing nvim_exec2() called at /home/douglas/.config/nvim/init.lua:0
032.759  000.001  000.001: sourcing nvim_exec2() called at /home/douglas/.config/nvim/init.lua:0
032.761  000.001  000.001: sourcing nvim_exec2() called at /home/douglas/.config/nvim/init.lua:0
032.763  000.001  000.001: sourcing nvim_exec2() called at /home/douglas/.config/nvim/init.lua:0
032.765  000.001  000.001: sourcing nvim_exec2() called at /home/douglas/.config/nvim/init.lua:0
032.768  000.001  000.001: sourcing nvim_exec2() called at /home/douglas/.config/nvim/init.lua:0
032.770  000.001  000.001: sourcing nvim_exec2() called at /home/douglas/.config/nvim/init.lua:0
032.772  000.001  000.001: sourcing nvim_exec2() called at /home/douglas/.config/nvim/init.lua:0
032.774  000.001  000.001: sourcing nvim_exec2() called at /home/douglas/.config/nvim/init.lua:0
032.776  000.001  000.001: sourcing nvim_exec2() called at /home/douglas/.config/nvim/init.lua:0
032.780  000.001  000.001: sourcing nvim_exec2() called at /home/douglas/.config/nvim/init.lua:0
032.783  000.001  000.001: sourcing nvim_exec2() called at /home/douglas/.config/nvim/init.lua:0
032.785  000.001  000.001: sourcing nvim_exec2() called at /home/douglas/.config/nvim/init.lua:0
032.787  000.001  000.001: sourcing nvim_exec2() called at /home/douglas/.config/nvim/init.lua:0
032.789  000.001  000.001: sourcing nvim_exec2() called at /home/douglas/.config/nvim/init.lua:0
032.792  000.001  000.001: sourcing nvim_exec2() called at /home/douglas/.config/nvim/init.lua:0
032.801  000.002  000.002: sourcing nvim_exec2() called at /home/douglas/.config/nvim/init.lua:0
032.808  000.001  000.001: sourcing nvim_exec2() called at /home/douglas/.config/nvim/init.lua:0
032.815  000.001  000.001: sourcing nvim_exec2() called at /home/douglas/.config/nvim/init.lua:0
032.820  000.001  000.001: sourcing nvim_exec2() called at /home/douglas/.config/nvim/init.lua:0
032.825  000.001  000.001: sourcing nvim_exec2() called at /home/douglas/.config/nvim/init.lua:0
032.831  000.001  000.001: sourcing nvim_exec2() called at /home/douglas/.config/nvim/init.lua:0
032.836  000.001  000.001: sourcing nvim_exec2() called at /home/douglas/.config/nvim/init.lua:0
032.840  000.001  000.001: sourcing nvim_exec2() called at /home/douglas/.config/nvim/init.lua:0
032.847  000.001  000.001: sourcing nvim_exec2() called at /home/douglas/.config/nvim/init.lua:0
032.939  000.002  000.002: sourcing nvim_exec2() called at /home/douglas/.config/nvim/init.lua:0
032.966  000.002  000.002: sourcing nvim_exec2() called at /home/douglas/.config/nvim/init.lua:0
032.973  000.001  000.001: sourcing nvim_exec2() called at /home/douglas/.config/nvim/init.lua:0
032.977  000.001  000.001: sourcing nvim_exec2() called at /home/douglas/.config/nvim/init.lua:0
032.982  000.001  000.001: sourcing nvim_exec2() called at /home/douglas/.config/nvim/init.lua:0
032.988  000.001  000.001: sourcing nvim_exec2() called at /home/douglas/.config/nvim/init.lua:0
032.992  000.001  000.001: sourcing nvim_exec2() called at /home/douglas/.config/nvim/init.lua:0
032.996  000.001  000.001: sourcing nvim_exec2() called at /home/douglas/.config/nvim/init.lua:0
033.011  000.001  000.001: sourcing nvim_exec2() called at /home/douglas/.config/nvim/init.lua:0
033.015  000.001  000.001: sourcing nvim_exec2() called at /home/douglas/.config/nvim/init.lua:0
033.021  000.001  000.001: sourcing nvim_exec2() called at /home/douglas/.config/nvim/init.lua:0
033.025  000.001  000.001: sourcing nvim_exec2() called at /home/douglas/.config/nvim/init.lua:0
033.029  000.001  000.001: sourcing nvim_exec2() called at /home/douglas/.config/nvim/init.lua:0
033.036  000.006  000.006: sourcing nvim_exec2() called at /home/douglas/.config/nvim/init.lua:0
033.171  000.004  000.004: sourcing nvim_exec2() called at /home/douglas/.config/nvim/init.lua:0
033.177  000.003  000.003: sourcing nvim_exec2() called at /home/douglas/.config/nvim/init.lua:0
033.228  000.003  000.003: sourcing nvim_exec2() called at /home/douglas/.config/nvim/init.lua:0
033.233  000.001  000.001: sourcing nvim_exec2() called at /home/douglas/.config/nvim/init.lua:0
033.238  000.001  000.001: sourcing nvim_exec2() called at /home/douglas/.config/nvim/init.lua:0
033.244  000.001  000.001: sourcing nvim_exec2() called at /home/douglas/.config/nvim/init.lua:0
033.249  000.001  000.001: sourcing nvim_exec2() called at /home/douglas/.config/nvim/init.lua:0
033.253  000.001  000.001: sourcing nvim_exec2() called at /home/douglas/.config/nvim/init.lua:0
033.259  000.001  000.001: sourcing nvim_exec2() called at /home/douglas/.config/nvim/init.lua:0
033.265  000.001  000.001: sourcing nvim_exec2() called at /home/douglas/.config/nvim/init.lua:0
033.270  000.001  000.001: sourcing nvim_exec2() called at /home/douglas/.config/nvim/init.lua:0
033.276  000.001  000.001: sourcing nvim_exec2() called at /home/douglas/.config/nvim/init.lua:0
033.296  000.001  000.001: sourcing nvim_exec2() called at /home/douglas/.config/nvim/init.lua:0
033.314  000.001  000.001: sourcing nvim_exec2() called at /home/douglas/.config/nvim/init.lua:0
033.327  000.001  000.001: sourcing nvim_exec2() called at /home/douglas/.config/nvim/init.lua:0
033.342  000.001  000.001: sourcing nvim_exec2() called at /home/douglas/.config/nvim/init.lua:0
033.360  000.001  000.001: sourcing nvim_exec2() called at /home/douglas/.config/nvim/init.lua:0
033.365  000.001  000.001: sourcing nvim_exec2() called at /home/douglas/.config/nvim/init.lua:0
033.382  000.001  000.001: sourcing nvim_exec2() called at /home/douglas/.config/nvim/init.lua:0
033.387  000.001  000.001: sourcing nvim_exec2() called at /home/douglas/.config/nvim/init.lua:0
033.391  000.001  000.001: sourcing nvim_exec2() called at /home/douglas/.config/nvim/init.lua:0
033.397  000.001  000.001: sourcing nvim_exec2() called at /home/douglas/.config/nvim/init.lua:0
033.401  000.001  000.001: sourcing nvim_exec2() called at /home/douglas/.config/nvim/init.lua:0
033.408  000.004  000.004: sourcing nvim_exec2() called at /home/douglas/.config/nvim/init.lua:0
033.413  000.001  000.001: sourcing nvim_exec2() called at /home/douglas/.config/nvim/init.lua:0
033.416  000.001  000.001: sourcing nvim_exec2() called at /home/douglas/.config/nvim/init.lua:0
033.420  000.003  000.003: sourcing nvim_exec2() called at /home/douglas/.config/nvim/init.lua:0
033.481  000.003  000.003: sourcing nvim_exec2() called at /home/douglas/.config/nvim/init.lua:0
033.487  000.001  000.001: sourcing nvim_exec2() called at /home/douglas/.config/nvim/init.lua:0
033.493  000.001  000.001: sourcing nvim_exec2() called at /home/douglas/.config/nvim/init.lua:0
033.549  000.002  000.002: sourcing nvim_exec2() called at /home/douglas/.config/nvim/init.lua:0
033.554  000.001  000.001: sourcing nvim_exec2() called at /home/douglas/.config/nvim/init.lua:0
033.559  000.001  000.001: sourcing nvim_exec2() called at /home/douglas/.config/nvim/init.lua:0
033.565  000.001  000.001: sourcing nvim_exec2() called at /home/douglas/.config/nvim/init.lua:0
033.571  000.002  000.002: sourcing nvim_exec2() called at /home/douglas/.config/nvim/init.lua:0
033.578  000.001  000.001: sourcing nvim_exec2() called at /home/douglas/.config/nvim/init.lua:0
033.582  000.001  000.001: sourcing nvim_exec2() called at /home/douglas/.config/nvim/init.lua:0
033.588  000.001  000.001: sourcing nvim_exec2() called at /home/douglas/.config/nvim/init.lua:0
033.592  000.001  000.001: sourcing nvim_exec2() called at /home/douglas/.config/nvim/init.lua:0
033.596  000.001  000.001: sourcing nvim_exec2() called at /home/douglas/.config/nvim/init.lua:0
033.602  000.001  000.001: sourcing nvim_exec2() called at /home/douglas/.config/nvim/init.lua:0
033.607  000.001  000.001: sourcing nvim_exec2() called at /home/douglas/.config/nvim/init.lua:0
033.613  000.001  000.001: sourcing nvim_exec2() called at /home/douglas/.config/nvim/init.lua:0
033.617  000.001  000.001: sourcing nvim_exec2() called at /home/douglas/.config/nvim/init.lua:0
033.621  000.001  000.001: sourcing nvim_exec2() called at /home/douglas/.config/nvim/init.lua:0
033.627  000.001  000.001: sourcing nvim_exec2() called at /home/douglas/.config/nvim/init.lua:0
033.631  000.001  000.001: sourcing nvim_exec2() called at /home/douglas/.config/nvim/init.lua:0
033.634  000.001  000.001: sourcing nvim_exec2() called at /home/douglas/.config/nvim/init.lua:0
033.641  000.001  000.001: sourcing nvim_exec2() called at /home/douglas/.config/nvim/init.lua:0
033.650  000.002  000.002: sourcing nvim_exec2() called at /home/douglas/.config/nvim/init.lua:0
033.654  000.002  000.002: sourcing nvim_exec2() called at /home/douglas/.config/nvim/init.lua:0
033.658  000.001  000.001: sourcing nvim_exec2() called at /home/douglas/.config/nvim/init.lua:0
033.665  000.002  000.002: sourcing nvim_exec2() called at /home/douglas/.config/nvim/init.lua:0
033.670  000.002  000.002: sourcing nvim_exec2() called at /home/douglas/.config/nvim/init.lua:0
033.674  000.001  000.001: sourcing nvim_exec2() called at /home/douglas/.config/nvim/init.lua:0
033.700  000.002  000.002: sourcing nvim_exec2() called at /home/douglas/.config/nvim/init.lua:0
033.705  000.001  000.001: sourcing nvim_exec2() called at /home/douglas/.config/nvim/init.lua:0
033.710  000.001  000.001: sourcing nvim_exec2() called at /home/douglas/.config/nvim/init.lua:0
033.732  000.002  000.002: sourcing nvim_exec2() called at /home/douglas/.config/nvim/init.lua:0
033.737  000.001  000.001: sourcing nvim_exec2() called at /home/douglas/.config/nvim/init.lua:0
033.743  000.001  000.001: sourcing nvim_exec2() called at /home/douglas/.config/nvim/init.lua:0
033.748  000.001  000.001: sourcing nvim_exec2() called at /home/douglas/.config/nvim/init.lua:0
033.809  000.013  000.013: sourcing nvim_exec2() called at /home/douglas/.config/nvim/init.lua:0
033.825  000.003  000.003: sourcing nvim_exec2() called at /home/douglas/.config/nvim/init.lua:0
033.837  000.009  000.009: sourcing nvim_exec2() called at /home/douglas/.config/nvim/init.lua:0
033.843  000.004  000.004: sourcing nvim_exec2() called at /home/douglas/.config/nvim/init.lua:0
033.848  000.003  000.003: sourcing nvim_exec2() called at /home/douglas/.config/nvim/init.lua:0
033.874  002.514  002.082: require('core.diagnostics')
033.936  000.062  000.062: require('core.autocommands')
034.648  000.085  000.085: require('catppuccin')
034.708  000.031  000.031: require('catppuccin.lib.hashing')
035.731  001.180  001.063: sourcing /home/douglas/.local/share/nvim/lazy/catppuccin/colors/catppuccin.vim
035.827  000.007  000.007: sourcing nvim_exec2() called at ColorScheme Autocommands for "*":0
036.135  000.039  000.039: require('catppuccin.utils.lualine')
036.169  000.031  000.031: require('catppuccin.palettes')
036.208  000.037  000.037: require('catppuccin.palettes.mocha')
036.222  000.003  000.003: sourcing nvim_exec2() called at ColorScheme Autocommands for "*":0
036.225  000.001  000.001: sourcing nvim_exec2() called at ColorScheme Autocommands for "*":0
036.227  000.001  000.001: sourcing nvim_exec2() called at ColorScheme Autocommands for "*":0
036.229  000.001  000.001: sourcing nvim_exec2() called at ColorScheme Autocommands for "*":0
036.232  000.001  000.001: sourcing nvim_exec2() called at ColorScheme Autocommands for "*":0
036.246  000.001  000.001: sourcing nvim_exec2() called at ColorScheme Autocommands for "*":0
036.248  000.001  000.001: sourcing nvim_exec2() called at ColorScheme Autocommands for "*":0
036.250  000.001  000.001: sourcing nvim_exec2() called at ColorScheme Autocommands for "*":0
036.253  000.001  000.001: sourcing nvim_exec2() called at ColorScheme Autocommands for "*":0
036.255  000.001  000.001: sourcing nvim_exec2() called at ColorScheme Autocommands for "*":0
036.257  000.001  000.001: sourcing nvim_exec2() called at ColorScheme Autocommands for "*":0
036.259  000.001  000.001: sourcing nvim_exec2() called at ColorScheme Autocommands for "*":0
036.261  000.001  000.001: sourcing nvim_exec2() called at ColorScheme Autocommands for "*":0
036.264  000.001  000.001: sourcing nvim_exec2() called at ColorScheme Autocommands for "*":0
036.266  000.001  000.001: sourcing nvim_exec2() called at ColorScheme Autocommands for "*":0
036.268  000.001  000.001: sourcing nvim_exec2() called at ColorScheme Autocommands for "*":0
036.270  000.001  000.001: sourcing nvim_exec2() called at ColorScheme Autocommands for "*":0
036.272  000.001  000.001: sourcing nvim_exec2() called at ColorScheme Autocommands for "*":0
036.275  000.001  000.001: sourcing nvim_exec2() called at ColorScheme Autocommands for "*":0
036.277  000.001  000.001: sourcing nvim_exec2() called at ColorScheme Autocommands for "*":0
036.279  000.001  000.001: sourcing nvim_exec2() called at ColorScheme Autocommands for "*":0
036.281  000.001  000.001: sourcing nvim_exec2() called at ColorScheme Autocommands for "*":0
036.283  000.001  000.001: sourcing nvim_exec2() called at ColorScheme Autocommands for "*":0
036.286  000.001  000.001: sourcing nvim_exec2() called at ColorScheme Autocommands for "*":0
036.288  000.001  000.001: sourcing nvim_exec2() called at ColorScheme Autocommands for "*":0
036.290  000.001  000.001: sourcing nvim_exec2() called at ColorScheme Autocommands for "*":0
036.295  000.001  000.001: sourcing nvim_exec2() called at ColorScheme Autocommands for "*":0
036.297  000.001  000.001: sourcing nvim_exec2() called at ColorScheme Autocommands for "*":0
036.299  000.001  000.001: sourcing nvim_exec2() called at ColorScheme Autocommands for "*":0
036.301  000.001  000.001: sourcing nvim_exec2() called at ColorScheme Autocommands for "*":0
036.304  000.001  000.001: sourcing nvim_exec2() called at ColorScheme Autocommands for "*":0
036.306  000.001  000.001: sourcing nvim_exec2() called at ColorScheme Autocommands for "*":0
036.308  000.001  000.001: sourcing nvim_exec2() called at ColorScheme Autocommands for "*":0
036.310  000.001  000.001: sourcing nvim_exec2() called at ColorScheme Autocommands for "*":0
036.313  000.001  000.001: sourcing nvim_exec2() called at ColorScheme Autocommands for "*":0
036.315  000.001  000.001: sourcing nvim_exec2() called at ColorScheme Autocommands for "*":0
036.317  000.001  000.001: sourcing nvim_exec2() called at ColorScheme Autocommands for "*":0
036.320  000.001  000.001: sourcing nvim_exec2() called at ColorScheme Autocommands for "*":0
036.322  000.001  000.001: sourcing nvim_exec2() called at ColorScheme Autocommands for "*":0
036.324  000.001  000.001: sourcing nvim_exec2() called at ColorScheme Autocommands for "*":0
036.326  000.001  000.001: sourcing nvim_exec2() called at ColorScheme Autocommands for "*":0
036.329  000.001  000.001: sourcing nvim_exec2() called at ColorScheme Autocommands for "*":0
036.331  000.001  000.001: sourcing nvim_exec2() called at ColorScheme Autocommands for "*":0
036.333  000.001  000.001: sourcing nvim_exec2() called at ColorScheme Autocommands for "*":0
036.335  000.001  000.001: sourcing nvim_exec2() called at ColorScheme Autocommands for "*":0
036.337  000.001  000.001: sourcing nvim_exec2() called at ColorScheme Autocommands for "*":0
036.340  000.001  000.001: sourcing nvim_exec2() called at ColorScheme Autocommands for "*":0
036.342  000.001  000.001: sourcing nvim_exec2() called at ColorScheme Autocommands for "*":0
036.344  000.001  000.001: sourcing nvim_exec2() called at ColorScheme Autocommands for "*":0
036.346  000.001  000.001: sourcing nvim_exec2() called at ColorScheme Autocommands for "*":0
036.349  000.001  000.001: sourcing nvim_exec2() called at ColorScheme Autocommands for "*":0
036.351  000.001  000.001: sourcing nvim_exec2() called at ColorScheme Autocommands for "*":0
036.355  000.001  000.001: sourcing nvim_exec2() called at ColorScheme Autocommands for "*":0
036.357  000.001  000.001: sourcing nvim_exec2() called at ColorScheme Autocommands for "*":0
036.359  000.001  000.001: sourcing nvim_exec2() called at ColorScheme Autocommands for "*":0
036.362  000.001  000.001: sourcing nvim_exec2() called at ColorScheme Autocommands for "*":0
036.364  000.001  000.001: sourcing nvim_exec2() called at ColorScheme Autocommands for "*":0
036.366  000.001  000.001: sourcing nvim_exec2() called at ColorScheme Autocommands for "*":0
036.368  000.001  000.001: sourcing nvim_exec2() called at ColorScheme Autocommands for "*":0
036.370  000.001  000.001: sourcing nvim_exec2() called at ColorScheme Autocommands for "*":0
036.373  000.001  000.001: sourcing nvim_exec2() called at ColorScheme Autocommands for "*":0
036.375  000.001  000.001: sourcing nvim_exec2() called at ColorScheme Autocommands for "*":0
036.377  000.001  000.001: sourcing nvim_exec2() called at ColorScheme Autocommands for "*":0
036.380  000.001  000.001: sourcing nvim_exec2() called at ColorScheme Autocommands for "*":0
036.382  000.001  000.001: sourcing nvim_exec2() called at ColorScheme Autocommands for "*":0
036.384  000.001  000.001: sourcing nvim_exec2() called at ColorScheme Autocommands for "*":0
036.386  000.001  000.001: sourcing nvim_exec2() called at ColorScheme Autocommands for "*":0
036.389  000.001  000.001: sourcing nvim_exec2() called at ColorScheme Autocommands for "*":0
036.391  000.001  000.001: sourcing nvim_exec2() called at ColorScheme Autocommands for "*":0
036.393  000.001  000.001: sourcing nvim_exec2() called at ColorScheme Autocommands for "*":0
036.395  000.001  000.001: sourcing nvim_exec2() called at ColorScheme Autocommands for "*":0
036.397  000.001  000.001: sourcing nvim_exec2() called at ColorScheme Autocommands for "*":0
036.400  000.001  000.001: sourcing nvim_exec2() called at ColorScheme Autocommands for "*":0
036.402  000.001  000.001: sourcing nvim_exec2() called at ColorScheme Autocommands for "*":0
036.404  000.001  000.001: sourcing nvim_exec2() called at ColorScheme Autocommands for "*":0
036.406  000.001  000.001: sourcing nvim_exec2() called at ColorScheme Autocommands for "*":0
036.410  000.001  000.001: sourcing nvim_exec2() called at ColorScheme Autocommands for "*":0
036.413  000.001  000.001: sourcing nvim_exec2() called at ColorScheme Autocommands for "*":0
036.415  000.001  000.001: sourcing nvim_exec2() called at ColorScheme Autocommands for "*":0
036.417  000.001  000.001: sourcing nvim_exec2() called at ColorScheme Autocommands for "*":0
036.419  000.001  000.001: sourcing nvim_exec2() called at ColorScheme Autocommands for "*":0
036.421  000.001  000.001: sourcing nvim_exec2() called at ColorScheme Autocommands for "*":0
036.424  000.001  000.001: sourcing nvim_exec2() called at ColorScheme Autocommands for "*":0
036.426  000.001  000.001: sourcing nvim_exec2() called at ColorScheme Autocommands for "*":0
036.428  000.001  000.001: sourcing nvim_exec2() called at ColorScheme Autocommands for "*":0
036.437  000.003  000.003: sourcing nvim_exec2() called at ColorScheme Autocommands for "*":0
036.443  000.002  000.002: sourcing nvim_exec2() called at ColorScheme Autocommands for "*":0
036.478  000.002  000.002: sourcing nvim_exec2() called at ColorScheme Autocommands for "*":0
036.483  000.002  000.002: sourcing nvim_exec2() called at ColorScheme Autocommands for "*":0
036.490  000.001  000.001: sourcing nvim_exec2() called at ColorScheme Autocommands for "*":0
036.494  000.002  000.002: sourcing nvim_exec2() called at ColorScheme Autocommands for "*":0
036.500  000.001  000.001: sourcing nvim_exec2() called at ColorScheme Autocommands for "*":0
036.512  000.002  000.002: sourcing nvim_exec2() called at ColorScheme Autocommands for "*":0
036.516  000.001  000.001: sourcing nvim_exec2() called at ColorScheme Autocommands for "*":0
036.523  000.001  000.001: sourcing nvim_exec2() called at ColorScheme Autocommands for "*":0
036.527  000.002  000.002: sourcing nvim_exec2() called at ColorScheme Autocommands for "*":0
036.533  000.001  000.001: sourcing nvim_exec2() called at ColorScheme Autocommands for "*":0
036.537  000.001  000.001: sourcing nvim_exec2() called at ColorScheme Autocommands for "*":0
036.564  000.002  000.002: sourcing nvim_exec2() called at ColorScheme Autocommands for "*":0
036.571  000.002  000.002: sourcing nvim_exec2() called at ColorScheme Autocommands for "*":0
036.581  000.007  000.007: sourcing nvim_exec2() called at ColorScheme Autocommands for "*":0
036.587  000.002  000.002: sourcing nvim_exec2() called at ColorScheme Autocommands for "*":0
036.595  000.006  000.006: sourcing nvim_exec2() called at ColorScheme Autocommands for "*":0
036.670  000.003  000.003: sourcing nvim_exec2() called at ColorScheme Autocommands for "*":0
036.676  000.002  000.002: sourcing nvim_exec2() called at ColorScheme Autocommands for "*":0
036.736  000.003  000.003: sourcing nvim_exec2() called at ColorScheme Autocommands for "*":0
036.741  000.001  000.001: sourcing nvim_exec2() called at ColorScheme Autocommands for "*":0
036.747  000.001  000.001: sourcing nvim_exec2() called at ColorScheme Autocommands for "*":0
036.751  000.001  000.001: sourcing nvim_exec2() called at ColorScheme Autocommands for "*":0
036.755  000.001  000.001: sourcing nvim_exec2() called at ColorScheme Autocommands for "*":0
036.760  000.001  000.001: sourcing nvim_exec2() called at ColorScheme Autocommands for "*":0
036.765  000.002  000.002: sourcing nvim_exec2() called at ColorScheme Autocommands for "*":0
036.773  000.002  000.002: sourcing nvim_exec2() called at ColorScheme Autocommands for "*":0
036.777  000.001  000.001: sourcing nvim_exec2() called at ColorScheme Autocommands for "*":0
036.781  000.001  000.001: sourcing nvim_exec2() called at ColorScheme Autocommands for "*":0
036.787  000.001  000.001: sourcing nvim_exec2() called at ColorScheme Autocommands for "*":0
036.791  000.001  000.001: sourcing nvim_exec2() called at ColorScheme Autocommands for "*":0
036.795  000.001  000.001: sourcing nvim_exec2() called at ColorScheme Autocommands for "*":0
036.801  000.002  000.002: sourcing nvim_exec2() called at ColorScheme Autocommands for "*":0
036.807  000.001  000.001: sourcing nvim_exec2() called at ColorScheme Autocommands for "*":0
036.812  000.001  000.001: sourcing nvim_exec2() called at ColorScheme Autocommands for "*":0
036.819  000.001  000.001: sourcing nvim_exec2() called at ColorScheme Autocommands for "*":0
036.823  000.001  000.001: sourcing nvim_exec2() called at ColorScheme Autocommands for "*":0
036.827  000.001  000.001: sourcing nvim_exec2() called at ColorScheme Autocommands for "*":0
036.832  000.001  000.001: sourcing nvim_exec2() called at ColorScheme Autocommands for "*":0
036.837  000.001  000.001: sourcing nvim_exec2() called at ColorScheme Autocommands for "*":0
036.843  000.004  000.004: sourcing nvim_exec2() called at ColorScheme Autocommands for "*":0
036.861  000.002  000.002: sourcing nvim_exec2() called at ColorScheme Autocommands for "*":0
036.865  000.002  000.002: sourcing nvim_exec2() called at ColorScheme Autocommands for "*":0
036.869  000.002  000.002: sourcing nvim_exec2() called at ColorScheme Autocommands for "*":0
036.927  000.002  000.002: sourcing nvim_exec2() called at ColorScheme Autocommands for "*":0
036.934  000.001  000.001: sourcing nvim_exec2() called at ColorScheme Autocommands for "*":0
036.938  000.001  000.001: sourcing nvim_exec2() called at ColorScheme Autocommands for "*":0
036.942  000.001  000.001: sourcing nvim_exec2() called at ColorScheme Autocommands for "*":0
036.948  000.001  000.001: sourcing nvim_exec2() called at ColorScheme Autocommands for "*":0
036.952  000.001  000.001: sourcing nvim_exec2() called at ColorScheme Autocommands for "*":0
036.956  000.001  000.001: sourcing nvim_exec2() called at ColorScheme Autocommands for "*":0
036.963  000.001  000.001: sourcing nvim_exec2() called at ColorScheme Autocommands for "*":0
036.968  000.001  000.001: sourcing nvim_exec2() called at ColorScheme Autocommands for "*":0
036.974  000.001  000.001: sourcing nvim_exec2() called at ColorScheme Autocommands for "*":0
036.987  000.001  000.001: sourcing nvim_exec2() called at ColorScheme Autocommands for "*":0
036.994  000.001  000.001: sourcing nvim_exec2() called at ColorScheme Autocommands for "*":0
036.998  000.001  000.001: sourcing nvim_exec2() called at ColorScheme Autocommands for "*":0
037.002  000.001  000.001: sourcing nvim_exec2() called at ColorScheme Autocommands for "*":0
037.010  000.002  000.002: sourcing nvim_exec2() called at ColorScheme Autocommands for "*":0
037.014  000.001  000.001: sourcing nvim_exec2() called at ColorScheme Autocommands for "*":0
037.018  000.001  000.001: sourcing nvim_exec2() called at ColorScheme Autocommands for "*":0
037.023  000.001  000.001: sourcing nvim_exec2() called at ColorScheme Autocommands for "*":0
037.033  000.001  000.001: sourcing nvim_exec2() called at ColorScheme Autocommands for "*":0
037.037  000.001  000.001: sourcing nvim_exec2() called at ColorScheme Autocommands for "*":0
037.041  000.002  000.002: sourcing nvim_exec2() called at ColorScheme Autocommands for "*":0
037.049  000.002  000.002: sourcing nvim_exec2() called at ColorScheme Autocommands for "*":0
037.053  000.001  000.001: sourcing nvim_exec2() called at ColorScheme Autocommands for "*":0
037.059  000.001  000.001: sourcing nvim_exec2() called at ColorScheme Autocommands for "*":0
037.063  000.001  000.001: sourcing nvim_exec2() called at ColorScheme Autocommands for "*":0
037.067  000.001  000.001: sourcing nvim_exec2() called at ColorScheme Autocommands for "*":0
037.083  000.001  000.001: sourcing nvim_exec2() called at ColorScheme Autocommands for "*":0
037.090  000.002  000.002: sourcing nvim_exec2() called at ColorScheme Autocommands for "*":0
037.112  000.002  000.002: sourcing nvim_exec2() called at ColorScheme Autocommands for "*":0
037.117  000.001  000.001: sourcing nvim_exec2() called at ColorScheme Autocommands for "*":0
037.147  000.001  000.001: sourcing nvim_exec2() called at ColorScheme Autocommands for "*":0
037.168  000.001  000.001: sourcing nvim_exec2() called at ColorScheme Autocommands for "*":0
037.188  000.001  000.001: sourcing nvim_exec2() called at ColorScheme Autocommands for "*":0
037.206  000.001  000.001: sourcing nvim_exec2() called at ColorScheme Autocommands for "*":0
037.247  000.002  000.002: sourcing nvim_exec2() called at ColorScheme Autocommands for "*":0
037.298  000.007  000.007: sourcing nvim_exec2() called at ColorScheme Autocommands for "*":0
037.307  000.003  000.003: sourcing nvim_exec2() called at ColorScheme Autocommands for "*":0
037.320  000.011  000.011: sourcing nvim_exec2() called at ColorScheme Autocommands for "*":0
037.329  000.006  000.006: sourcing nvim_exec2() called at ColorScheme Autocommands for "*":0
037.337  000.004  000.004: sourcing nvim_exec2() called at ColorScheme Autocommands for "*":0
037.436  000.088  000.088: require('telescope.builtin')
037.583  000.135  000.135: require('vim.lsp.buf')
037.597  034.897  002.041: sourcing /home/douglas/.config/nvim/init.lua
037.602  000.454: sourcing vimrc file(s)
037.755  000.040  000.040: sourcing /home/douglas/.local/share/bob/v0.11.5/share/nvim/runtime/filetype.lua
037.956  000.043  000.043: sourcing /home/douglas/.local/share/bob/v0.11.5/share/nvim/runtime/syntax/synload.vim
038.006  000.179  000.136: sourcing /home/douglas/.local/share/bob/v0.11.5/share/nvim/runtime/syntax/syntax.vim
038.014  000.194: inits 3
039.132  001.118: reading ShaDa
039.245  000.113: opening buffers
039.323  000.078: BufEnter autocommands
039.326  000.003: editing files in windows
039.330  000.004: --- NVIM STARTED ---

